date,code,ticker,name,sector,high_type,first_break_60d,inago_suspect,tob_suspect,entry_close
2026-07-10,1948,1948.T,弘電社,,52W_NEAR_HIGH,False,False,True,11410.0
2026-07-10,2001,2001.T,ニップン,,52W_NEAR_HIGH,False,False,False,2810.0
2026-07-10,2674,2674.T,ハードオフコーポレーション,,52W_NEAR_HIGH,False,False,False,2693.0
2026-07-10,3191,3191.T,ジョイフル本田,,52W_NEAR_HIGH,False,False,False,2242.0
2026-07-10,3480,3480.T,ジェイ・エス・ビー,,52W_NEAR_HIGH,False,False,True,8990.0
2026-07-10,4800,4800.T,オリコン,,52W_NEAR_HIGH,False,False,True,1368.0
2026-07-10,4958,4958.T,長谷川香料,,52W_NEAR_HIGH,False,False,False,3225.0
2026-07-10,5195,5195.T,バンドー化学,,52W_NEAR_HIGH,False,False,False,2240.0
2026-07-10,5644,5644.T,メタルアート,,52W_NEAR_HIGH,False,False,False,7650.0
2026-07-10,5844,5844.T,京都フィナンシャルグループ,,52W_NEAR_HIGH,False,False,False,4782.0
2026-07-10,6197,6197.T,ソラスト,,52W_NEAR_HIGH,False,False,True,1109.0
2026-07-10,6238,6238.T,フリュー,,52W_NEAR_HIGH,False,False,False,1398.0
2026-07-10,7716,7716.T,ナカニシ,,52W_NEAR_HIGH,False,False,False,3060.0
2026-07-10,7818,7818.T,トランザクション,,52W_NEAR_HIGH,False,False,False,1403.0
2026-07-10,8370,8370.T,紀陽銀行,,52W_NEAR_HIGH,False,False,False,4630.0
2026-07-10,8386,8386.T,百十四銀行,,52W_NEAR_HIGH,False,False,False,2679.0
2026-07-10,8395,8395.T,佐賀銀行,,52W_NEAR_HIGH,False,False,False,5550.0
2026-07-10,8511,8511.T,日本証券金融,,52W_NEAR_HIGH,False,False,False,2386.0
2026-07-10,8591,8591.T,オリックス,,52W_NEAR_HIGH,False,False,False,6449.0
2026-07-10,8795,8795.T,Ｔ＆Ｄホールディングス,,52W_NEAR_HIGH,False,False,False,4947.0
2026-07-10,9039,9039.T,サカイ引越センター,,52W_NEAR_HIGH,False,False,False,2911.0
2026-07-10,9048,9048.T,名古屋鉄道,,52W_NEAR_HIGH,False,False,False,1875.0
2026-07-10,9076,9076.T,セイノーホールディングス,,52W_NEAR_HIGH,False,False,False,2702.0
2026-07-10,9401,9401.T,ＴＢＳホールディングス,,52W_NEAR_HIGH,False,False,False,6488.0
2026-07-10,9436,9436.T,沖縄セルラー電話,,52W_NEAR_HIGH,False,False,False,3795.0
2026-07-13,1948,1948.T,弘電社,,52W_NEAR_HIGH,False,False,True,11430.0
2026-07-13,3191,3191.T,ジョイフル本田,,52W_NEAR_HIGH,False,False,False,2245.0
2026-07-13,3480,3480.T,ジェイ・エス・ビー,,52W_NEAR_HIGH,False,False,True,8990.0
2026-07-13,4800,4800.T,オリコン,,52W_NEAR_HIGH,False,False,False,1354.0
2026-07-13,4958,4958.T,長谷川香料,,52W_NEAR_HIGH,False,False,False,3220.0
2026-07-13,6178,6178.T,日本郵政,,52W_NEAR_HIGH,False,False,False,2333.0
2026-07-13,6197,6197.T,ソラスト,,52W_NEAR_HIGH,False,False,True,1111.0
2026-07-13,6238,6238.T,フリュー,,52W_NEAR_HIGH,False,False,False,1393.0
2026-07-13,7818,7818.T,トランザクション,,52W_NEAR_HIGH,False,False,False,1414.0
2026-07-13,7979,7979.T,松風,,52W_NEAR_HIGH,False,False,False,2116.0
2026-07-13,8508,8508.T,Ｊトラスト,,52W_NEAR_HIGH,False,False,False,830.0
2026-07-13,8739,8739.T,スパークス・グループ,,52W_NEAR_HIGH,False,False,False,2276.0
2026-07-14,1948,1948.T,弘電社,,52W_NEAR_HIGH,False,False,True,11430.0
2026-07-14,2001,2001.T,ニップン,,52W_NEAR_HIGH,False,False,False,2800.0
2026-07-14,2410,2410.T,キャリアデザインセンター,,52W_NEAR_HIGH,False,False,False,2928.0
2026-07-14,2674,2674.T,ハードオフコーポレーション,,52W_NEAR_HIGH,False,False,False,2695.0
2026-07-14,3191,3191.T,ジョイフル本田,,52W_NEAR_HIGH,False,False,False,2281.0
2026-07-14,3407,3407.T,旭化成,,52W_NEAR_HIGH,False,False,False,1867.0
2026-07-14,3480,3480.T,ジェイ・エス・ビー,,52W_NEAR_HIGH,False,False,True,8990.0
2026-07-14,3776,3776.T,ブロードバンドタワー,,52W_NEAR_HIGH,False,False,False,291.0
2026-07-14,3950,3950.T,ザ・パック,,52W_NEAR_HIGH,False,False,False,1373.0
2026-07-14,3989,3989.T,シェアリングテクノロジー,,52W_NEAR_HIGH,False,False,False,1437.0
2026-07-14,4188,4188.T,三菱ケミカルグループ,,52W_NEAR_HIGH,False,False,False,1203.0
2026-07-14,4634,4634.T,ａｒｔｉｅｎｃｅ,,52W_NEAR_HIGH,False,False,False,4440.0
2026-07-14,4800,4800.T,オリコン,,52W_NEAR_HIGH,False,False,False,1356.0
2026-07-14,4958,4958.T,長谷川香料,,52W_NEAR_HIGH,False,False,False,3230.0
2026-07-14,6197,6197.T,ソラスト,,52W_NEAR_HIGH,False,False,True,1111.0
2026-07-14,6238,6238.T,フリュー,,52W_NEAR_HIGH,False,False,False,1396.0
2026-07-14,7180,7180.T,九州フィナンシャルグループ,,52W_NEAR_HIGH,False,False,False,1543.0
2026-07-14,7182,7182.T,ゆうちょ銀行,,52W_NEAR_HIGH,False,False,False,3304.0
2026-07-14,7189,7189.T,西日本フィナンシャルホールディングス,,52W_NEAR_HIGH,False,False,False,4375.0
2026-07-14,7322,7322.T,三十三フィナンシャルグループ,,52W_NEAR_HIGH,False,False,False,1825.0
2026-07-14,7337,7337.T,ひろぎんホールディングス,,52W_NEAR_HIGH,False,False,False,2222.0
2026-07-14,7366,7366.T,ＬＩＴＡＬＩＣＯ,,52W_NEAR_HIGH,False,False,False,1686.0
2026-07-14,7979,7979.T,松風,,52W_NEAR_HIGH,False,False,False,2123.0
2026-07-14,8283,8283.T,ＰＡＬＴＡＣ,,52W_NEAR_HIGH,False,False,False,6599.0
2026-07-14,8304,8304.T,あおぞら銀行,,52W_NEAR_HIGH,False,False,False,2943.5
2026-07-14,8308,8308.T,りそなホールディングス,,52W_NEAR_HIGH,False,False,False,2370.0
2026-07-14,8341,8341.T,七十七銀行,,52W_NEAR_HIGH,False,False,False,3530.0
2026-07-14,8346,8346.T,東邦銀行,,52W_NEAR_HIGH,False,False,False,831.0
2026-07-14,8354,8354.T,ふくおかフィナンシャルグループ,,52W_NEAR_HIGH,False,False,False,7482.0
2026-07-14,8358,8358.T,スルガ銀行,,52W_NEAR_HIGH,False,False,False,2650.0
2026-07-14,8359,8359.T,八十二長野銀行,,52W_NEAR_HIGH,False,False,False,2590.0
2026-07-14,8370,8370.T,紀陽銀行,,52W_NEAR_HIGH,False,False,False,4645.0
2026-07-14,8377,8377.T,ほくほくフィナンシャルグループ,,52W_NEAR_HIGH,False,False,False,7628.0
2026-07-14,8381,8381.T,山陰合同銀行,,52W_NEAR_HIGH,False,False,False,2452.0
2026-07-14,8411,8411.T,みずほフィナンシャルグループ,,52W_NEAR_HIGH,False,False,False,8480.0
2026-07-14,8511,8511.T,日本証券金融,,52W_NEAR_HIGH,False,False,False,2365.0
2026-07-14,8591,8591.T,オリックス,,52W_NEAR_HIGH,False,False,False,6430.0
2026-07-14,8697,8697.T,日本取引所グループ,,52W_NEAR_HIGH,False,False,False,2211.5
2026-07-14,8704,8704.T,トレイダーズホールディングス,,52W_NEAR_HIGH,False,False,False,1274.0
2026-07-14,8750,8750.T,第一ライフグループ,,52W_NEAR_HIGH,False,False,False,1856.0
2026-07-14,8795,8795.T,Ｔ＆Ｄホールディングス,,52W_NEAR_HIGH,False,False,False,4952.0
2026-07-14,9147,9147.T,ＮＩＰＰＯＮ　ＥＸＰＲＥＳＳホールディングス,,52W_NEAR_HIGH,False,False,False,5418.0
2026-07-14,9436,9436.T,沖縄セルラー電話,,52W_NEAR_HIGH,False,False,False,3775.0
2026-07-14,9831,9831.T,ヤマダホールディングス,,52W_NEAR_HIGH,False,False,False,678.9
2026-07-15,7182,7182.T,ゆうちょ銀行,,52W_NEAR_HIGH,False,False,False,3350.0
2026-07-15,7186,7186.T,横浜フィナンシャルグループ,,52W_NEAR_HIGH,False,False,False,1932.5
2026-07-15,7283,7283.T,愛三工業,,52W_NEAR_HIGH,False,False,False,2408.0
2026-07-15,7337,7337.T,ひろぎんホールディングス,,52W_NEAR_HIGH,False,False,False,2250.0
2026-07-15,7366,7366.T,ＬＩＴＡＬＩＣＯ,,52W_NEAR_HIGH,False,False,False,1700.0
2026-07-15,7380,7380.T,十六フィナンシャルグループ,,52W_NEAR_HIGH,False,False,False,2518.0
2026-07-15,7384,7384.T,プロクレアホールディングス,,52W_NEAR_HIGH,False,False,False,4210.0
2026-07-15,7839,7839.T,ＳＨＯＥＩ,,52W_NEAR_HIGH,False,False,False,1878.0
2026-07-15,7970,7970.T,信越ポリマー,,52W_NEAR_HIGH,False,False,False,2516.0
2026-07-15,7976,7976.T,三菱鉛筆,,52W_NEAR_HIGH,False,False,False,2694.0
2026-07-15,8283,8283.T,ＰＡＬＴＡＣ,,52W_NEAR_HIGH,False,False,False,6595.0
2026-07-15,8331,8331.T,千葉銀行,,52W_NEAR_HIGH,False,False,False,2787.0
2026-07-15,8341,8341.T,七十七銀行,,52W_NEAR_HIGH,False,False,False,3580.0
2026-07-15,8359,8359.T,八十二長野銀行,,52W_NEAR_HIGH,False,False,False,2638.0
2026-07-15,8361,8361.T,大垣共立銀行,,52W_NEAR_HIGH,False,False,False,8050.0
2026-07-15,8362,8362.T,福井銀行,,52W_NEAR_HIGH,False,False,False,6230.0
2026-07-15,8367,8367.T,南都銀行,,52W_NEAR_HIGH,False,False,False,1896.0
2026-07-15,8368,8368.T,百五銀行,,52W_NEAR_HIGH,False,False,False,2110.0
2026-07-15,8418,8418.T,山口フィナンシャルグループ,,52W_NEAR_HIGH,False,False,False,3095.0
2026-07-15,8544,8544.T,京葉銀行,,52W_NEAR_HIGH,False,False,False,2704.0
2026-07-15,8630,8630.T,ＳＯＭＰＯホールディングス,,52W_NEAR_HIGH,False,False,False,6637.0
2026-07-15,8697,8697.T,日本取引所グループ,,52W_NEAR_HIGH,False,False,False,2247.5
2026-07-15,8714,8714.T,池田泉州ホールディングス,,52W_NEAR_HIGH,False,False,False,1051.0
2026-07-15,8795,8795.T,Ｔ＆Ｄホールディングス,,52W_NEAR_HIGH,False,False,False,5050.0
2026-07-15,9076,9076.T,セイノーホールディングス,,52W_NEAR_HIGH,False,False,False,2711.5
2026-07-15,9436,9436.T,沖縄セルラー電話,,52W_NEAR_HIGH,False,False,False,3800.0
2026-07-15,9735,9735.T,セコム,,52W_NEAR_HIGH,False,False,False,6690.0
2026-07-15,9831,9831.T,ヤマダホールディングス,,52W_NEAR_HIGH,False,False,False,681.9
2026-07-15,9882,9882.T,イエローハット,,52W_NEAR_HIGH,False,False,False,1812.0
2026-07-16,1948,1948.T,弘電社,,52W_NEAR_HIGH,False,False,True,11420.0
2026-07-16,2433,2433.T,博報堂ＤＹホールディングス,,52W_NEAR_HIGH,False,False,False,1228.5
2026-07-16,2613,2613.T,Ｊ－オイルミルズ,,52W_NEAR_HIGH,False,False,False,2097.0
2026-07-16,2810,2810.T,ハウス食品グループ本社,,52W_NEAR_HIGH,False,False,False,3873.0
2026-07-16,3191,3191.T,ジョイフル本田,,52W_NEAR_HIGH,False,False,False,2260.0
2026-07-16,3401,3401.T,帝人,,52W_NEAR_HIGH,False,False,False,1732.5
2026-07-16,3407,3407.T,旭化成,,52W_NEAR_HIGH,False,False,False,1876.0
2026-07-16,3480,3480.T,ジェイ・エス・ビー,,52W_NEAR_HIGH,False,False,True,8990.0
2026-07-16,3989,3989.T,シェアリングテクノロジー,,52W_NEAR_HIGH,False,False,False,1469.0
2026-07-16,4118,4118.T,カネカ,,52W_NEAR_HIGH,False,False,False,5700.0
2026-07-16,4208,4208.T,ＵＢＥ,,52W_NEAR_HIGH,False,False,False,3287.0
2026-07-16,4665,4665.T,ダスキン,,52W_NEAR_HIGH,False,False,False,4492.0
2026-07-16,4800,4800.T,オリコン,,52W_NEAR_HIGH,False,False,False,1358.0
2026-07-16,4958,4958.T,長谷川香料,,52W_NEAR_HIGH,False,False,False,3255.0
2026-07-16,6237,6237.T,イワキポンプ,,52W_NEAR_HIGH,False,False,False,4630.0
2026-07-16,6238,6238.T,フリュー,,52W_NEAR_HIGH,False,False,False,1393.0
2026-07-16,6306,6306.T,日工,,52W_NEAR_HIGH,False,False,False,950.0
2026-07-16,6448,6448.T,ブラザー工業,,52W_NEAR_HIGH,False,False,False,3836.0
2026-07-16,6463,6463.T,ＴＰＲ,,52W_NEAR_HIGH,False,False,False,1427.0
2026-07-16,7186,7186.T,横浜フィナンシャルグループ,,52W_NEAR_HIGH,False,False,False,1909.5
2026-07-16,7337,7337.T,ひろぎんホールディングス,,52W_NEAR_HIGH,False,False,False,2233.5
2026-07-16,7384,7384.T,プロクレアホールディングス,,52W_NEAR_HIGH,False,False,False,4130.0
2026-07-16,7806,7806.T,ＭＴＧ,,52W_NEAR_HIGH,False,False,False,8130.0
2026-07-16,8079,8079.T,正栄食品工業,,52W_NEAR_HIGH,False,False,False,4355.0
2026-07-16,8283,8283.T,ＰＡＬＴＡＣ,,52W_NEAR_HIGH,False,False,False,6601.0
2026-07-16,8304,8304.T,あおぞら銀行,,52W_NEAR_HIGH,False,False,False,2928.5
2026-07-16,8308,8308.T,りそなホールディングス,,52W_NEAR_HIGH,False,False,False,2354.0
2026-07-16,8341,8341.T,七十七銀行,,52W_NEAR_HIGH,False,False,False,3512.0
2026-07-16,8368,8368.T,百五銀行,,52W_NEAR_HIGH,False,False,False,2096.0
2026-07-16,8418,8418.T,山口フィナンシャルグループ,,52W_NEAR_HIGH,False,False,False,3071.0
2026-07-16,8630,8630.T,ＳＯＭＰＯホールディングス,,52W_NEAR_HIGH,False,False,False,6618.0
2026-07-16,8697,8697.T,日本取引所グループ,,52W_NEAR_HIGH,False,False,False,2238.0
2026-07-16,8714,8714.T,池田泉州ホールディングス,,52W_NEAR_HIGH,False,False,False,1046.0
2026-07-16,9076,9076.T,セイノーホールディングス,,52W_NEAR_HIGH,False,False,False,2699.0
2026-07-16,9436,9436.T,沖縄セルラー電話,,52W_NEAR_HIGH,False,False,False,3800.0
2026-07-16,9735,9735.T,セコム,,52W_NEAR_HIGH,False,False,False,6678.0
2026-07-16,9831,9831.T,ヤマダホールディングス,,52W_NEAR_HIGH,False,False,False,679.1
2026-07-16,9882,9882.T,イエローハット,,52W_NEAR_HIGH,False,False,False,1827.0
2026-07-17,1948,1948.T,弘電社,,52W_NEAR_HIGH,False,False,True,11400.0
2026-07-17,2001,2001.T,ニップン,,52W_NEAR_HIGH,False,False,False,2822.0
2026-07-17,2004,2004.T,昭和産業,,52W_NEAR_HIGH,False,False,False,3540.0
2026-07-17,2154,2154.T,オープンアップグループ,,52W_NEW_HIGH,False,False,False,1994.0
2026-07-17,2222,2222.T,寿スピリッツ,,52W_NEAR_HIGH,False,False,False,2598.5
2026-07-17,2354,2354.T,ＹＥ　ＤＩＧＩＴＡＬ,,52W_NEW_HIGH,False,True,False,1059.0
2026-07-17,2371,2371.T,カカクコム,,52W_NEAR_HIGH,False,False,False,3615.0
2026-07-17,2433,2433.T,博報堂ＤＹホールディングス,,52W_NEW_HIGH,False,False,False,1268.5
2026-07-17,2503,2503.T,キリンホールディングス,,52W_NEAR_HIGH,False,False,False,2909.0
2026-07-17,2590,2590.T,ダイドーグループホールディングス,,52W_NEAR_HIGH,False,False,False,2904.0
2026-07-17,2613,2613.T,Ｊ－オイルミルズ,,52W_NEAR_HIGH,False,False,False,2103.0
2026-07-17,2674,2674.T,ハードオフコーポレーション,,52W_NEW_HIGH,False,False,False,2747.0
2026-07-17,2801,2801.T,キッコーマン,,52W_NEAR_HIGH,False,False,False,1667.0
2026-07-17,2809,2809.T,キユーピー,,52W_NEAR_HIGH,False,False,False,4630.0
2026-07-17,2810,2810.T,ハウス食品グループ本社,,52W_NEAR_HIGH,False,False,False,3900.0
2026-07-17,2914,2914.T,日本たばこ産業,,52W_NEAR_HIGH,False,False,False,6347.0
2026-07-17,3091,3091.T,ブロンコビリー,,52W_NEW_HIGH,False,False,False,2403.0
2026-07-17,3097,3097.T,物語コーポレーション,,52W_NEAR_HIGH,False,False,False,5200.0
2026-07-17,3151,3151.T,バイタルケーエスケー・ホールディングス,,52W_NEAR_HIGH,False,False,False,1635.0
2026-07-17,3191,3191.T,ジョイフル本田,,52W_NEW_HIGH,False,False,False,2300.0
2026-07-17,3276,3276.T,ＪＰＭＣ,,52W_NEAR_HIGH,False,False,False,1781.0
2026-07-17,3480,3480.T,ジェイ・エス・ビー,,52W_NEAR_HIGH,False,False,True,8980.0
2026-07-17,3708,3708.T,特種東海製紙,,52W_NEAR_HIGH,False,False,False,2050.0
2026-07-17,3946,3946.T,トーモク,,52W_NEW_HIGH,False,False,False,4325.0
2026-07-17,3950,3950.T,ザ・パック,,52W_NEW_HIGH,False,False,False,1421.0
2026-07-17,4324,4324.T,電通グループ,,52W_NEAR_HIGH,False,False,False,3506.0
2026-07-17,4634,4634.T,ａｒｔｉｅｎｃｅ,,52W_NEAR_HIGH,False,False,False,4500.0
2026-07-17,4665,4665.T,ダスキン,,52W_NEW_HIGH,False,False,False,4538.0
2026-07-17,4746,4746.T,東計電算,,52W_NEAR_HIGH,False,False,False,4780.0
2026-07-17,4800,4800.T,オリコン,,52W_NEAR_HIGH,False,False,False,1357.0
2026-07-17,4919,4919.T,ミルボン,,52W_NEW_HIGH,True,False,False,2834.0
2026-07-17,4958,4958.T,長谷川香料,,52W_NEW_HIGH,False,False,False,3300.0
2026-07-17,5644,5644.T,メタルアート,,52W_NEAR_HIGH,False,False,True,7720.0
2026-07-17,6098,6098.T,リクルートホールディングス,,52W_NEAR_HIGH,False,False,False,12820.0
2026-07-17,6448,6448.T,ブラザー工業,,52W_NEAR_HIGH,False,False,False,3810.0
2026-07-17,7389,7389.T,あいちフィナンシャルグループ,,52W_NEW_HIGH,False,False,False,1687.0
2026-07-17,7458,7458.T,第一興商,,52W_NEAR_HIGH,False,False,False,1792.5
2026-07-17,7581,7581.T,サイゼリヤ,,52W_NEW_HIGH,True,True,False,7600.0
2026-07-17,7616,7616.T,コロワイド,,52W_NEAR_HIGH,False,False,False,1987.0
2026-07-17,7803,7803.T,ブシロード,,52W_NEAR_HIGH,False,True,False,415.0
2026-07-17,7839,7839.T,ＳＨＯＥＩ,,52W_NEAR_HIGH,False,False,False,1874.0
2026-07-17,7846,7846.T,パイロットコーポレーション,,52W_NEW_HIGH,False,False,False,1803.0
2026-07-17,7951,7951.T,ヤマハ,,52W_NEAR_HIGH,False,False,False,1226.0
2026-07-17,7976,7976.T,三菱鉛筆,,52W_NEAR_HIGH,False,False,False,2688.0
2026-07-17,7979,7979.T,松風,,52W_NEW_HIGH,False,False,False,2209.0
2026-07-17,8037,8037.T,カメイ,,52W_NEAR_HIGH,False,False,False,3630.0
2026-07-17,8079,8079.T,正栄食品工業,,52W_NEAR_HIGH,False,False,False,4350.0
2026-07-17,8163,8163.T,ＳＲＳホールディングス,,52W_NEAR_HIGH,False,False,False,1293.0
2026-07-17,8283,8283.T,ＰＡＬＴＡＣ,,52W_NEAR_HIGH,False,False,False,6607.0
2026-07-17,8439,8439.T,東京センチュリー,,52W_NEAR_HIGH,False,False,False,2609.5
2026-07-17,8566,8566.T,リコーリース,,52W_NEW_HIGH,False,False,False,6580.0
2026-07-17,8613,8613.T,丸三証券,,52W_NEAR_HIGH,False,False,False,1141.0
2026-07-17,8630,8630.T,ＳＯＭＰＯホールディングス,,52W_NEAR_HIGH,False,False,False,6630.0
2026-07-17,9007,9007.T,小田急電鉄,,52W_NEAR_HIGH,False,False,False,1757.0
2026-07-17,9010,9010.T,富士急行,,52W_NEW_HIGH,False,False,False,2638.0
2026-07-17,9048,9048.T,名古屋鉄道,,52W_NEAR_HIGH,False,False,False,1921.0
2026-07-17,9069,9069.T,センコーグループホールディングス,,52W_NEW_HIGH,False,False,False,2195.0
2026-07-17,9076,9076.T,セイノーホールディングス,,52W_NEAR_HIGH,False,False,False,2704.5
2026-07-17,9278,9278.T,ブックオフグループホールディングス,,52W_NEW_HIGH,False,False,False,2481.0
2026-07-17,9279,9279.T,ギフトホールディングス,,52W_NEW_HIGH,False,False,False,4835.0
2026-07-17,9433,9433.T,ＫＤＤＩ,,52W_NEW_HIGH,False,False,False,2868.0
2026-07-17,9449,9449.T,ＧＭＯインターネットグループ,,52W_NEAR_HIGH,False,False,False,4056.0
2026-07-17,9735,9735.T,セコム,,52W_NEAR_HIGH,False,False,False,6745.0
2026-07-17,9831,9831.T,ヤマダホールディングス,,52W_NEW_HIGH,False,False,False,698.6
2026-07-17,9861,9861.T,吉野家ホールディングス,,52W_NEAR_HIGH,False,False,False,3652.0
2026-07-17,9882,9882.T,イエローハット,,52W_NEAR_HIGH,False,False,False,1821.0
2026-07-17,9997,9997.T,ベルーナ,,52W_NEAR_HIGH,False,False,False,1063.0
2026-07-20,1948,1948.T,弘電社,建設業,52W_NEAR_HIGH,False,False,True,11400.0
2026-07-20,2001,2001.T,ニップン,食料品,52W_NEAR_HIGH,False,False,False,2822.0
2026-07-20,2004,2004.T,昭和産業,食料品,52W_NEAR_HIGH,False,False,False,3540.0
2026-07-20,2154,2154.T,オープンアップグループ,サービス業,52W_NEW_HIGH,False,False,False,1994.0
2026-07-20,2222,2222.T,寿スピリッツ,食料品,52W_NEAR_HIGH,False,False,False,2598.5
2026-07-20,2354,2354.T,ＹＥ　ＤＩＧＩＴＡＬ,情報・通信業,52W_NEW_HIGH,False,True,False,1059.0
2026-07-20,2371,2371.T,カカクコム,サービス業,52W_NEAR_HIGH,False,False,False,3615.0
2026-07-20,2433,2433.T,博報堂ＤＹホールディングス,サービス業,52W_NEW_HIGH,False,False,False,1268.5
2026-07-20,2503,2503.T,キリンホールディングス,食料品,52W_NEAR_HIGH,False,False,False,2909.0
2026-07-20,2590,2590.T,ダイドーグループホールディングス,食料品,52W_NEAR_HIGH,False,False,False,2904.0
2026-07-20,2613,2613.T,Ｊ－オイルミルズ,食料品,52W_NEAR_HIGH,False,False,False,2103.0
2026-07-20,2674,2674.T,ハードオフコーポレーション,小売業,52W_NEW_HIGH,False,False,False,2747.0
2026-07-20,2801,2801.T,キッコーマン,食料品,52W_NEAR_HIGH,False,False,False,1667.0
2026-07-20,2809,2809.T,キユーピー,食料品,52W_NEAR_HIGH,False,False,False,4630.0
2026-07-20,2810,2810.T,ハウス食品グループ本社,食料品,52W_NEAR_HIGH,False,False,False,3900.0
2026-07-20,2914,2914.T,日本たばこ産業,食料品,52W_NEAR_HIGH,False,False,False,6347.0
2026-07-20,3091,3091.T,ブロンコビリー,小売業,52W_NEW_HIGH,False,False,False,2403.0
2026-07-20,3097,3097.T,物語コーポレーション,小売業,52W_NEAR_HIGH,False,False,False,5200.0
2026-07-20,3151,3151.T,バイタルケーエスケー・ホールディングス,卸売業,52W_NEAR_HIGH,False,False,False,1635.0
2026-07-20,3191,3191.T,ジョイフル本田,小売業,52W_NEW_HIGH,False,False,False,2300.0
2026-07-20,3276,3276.T,ＪＰＭＣ,不動産業,52W_NEAR_HIGH,False,False,False,1781.0
2026-07-20,3480,3480.T,ジェイ・エス・ビー,不動産業,52W_NEAR_HIGH,False,False,True,8980.0
2026-07-20,3708,3708.T,特種東海製紙,パルプ・紙,52W_NEAR_HIGH,False,False,False,2050.0
2026-07-20,3946,3946.T,トーモク,パルプ・紙,52W_NEW_HIGH,False,False,False,4325.0
2026-07-20,3950,3950.T,ザ・パック,パルプ・紙,52W_NEW_HIGH,False,False,False,1421.0
2026-07-20,4324,4324.T,電通グループ,サービス業,52W_NEAR_HIGH,False,False,False,3506.0
2026-07-20,4634,4634.T,ａｒｔｉｅｎｃｅ,化学,52W_NEAR_HIGH,False,False,False,4500.0
2026-07-20,4665,4665.T,ダスキン,サービス業,52W_NEW_HIGH,False,False,False,4538.0
2026-07-20,4746,4746.T,東計電算,情報・通信業,52W_NEAR_HIGH,False,False,False,4780.0
2026-07-20,4800,4800.T,オリコン,情報・通信業,52W_NEAR_HIGH,False,False,False,1357.0
2026-07-20,4919,4919.T,ミルボン,化学,52W_NEW_HIGH,True,False,False,2834.0
2026-07-20,4958,4958.T,長谷川香料,化学,52W_NEW_HIGH,False,False,False,3300.0
2026-07-20,5644,5644.T,メタルアート,鉄鋼,52W_NEAR_HIGH,False,False,True,7720.0
2026-07-20,6098,6098.T,リクルートホールディングス,サービス業,52W_NEAR_HIGH,False,False,False,12820.0
2026-07-20,6448,6448.T,ブラザー工業,電気機器,52W_NEAR_HIGH,False,False,False,3810.0
2026-07-20,7389,7389.T,あいちフィナンシャルグループ,銀行業,52W_NEW_HIGH,False,False,False,1687.0
2026-07-20,7458,7458.T,第一興商,卸売業,52W_NEAR_HIGH,False,False,False,1792.5
2026-07-20,7581,7581.T,サイゼリヤ,小売業,52W_NEW_HIGH,True,True,False,7600.0
2026-07-20,7616,7616.T,コロワイド,小売業,52W_NEAR_HIGH,False,False,False,1987.0
2026-07-20,7803,7803.T,ブシロード,その他製品,52W_NEAR_HIGH,False,True,False,415.0
2026-07-20,7839,7839.T,ＳＨＯＥＩ,その他製品,52W_NEAR_HIGH,False,False,False,1874.0
2026-07-20,7846,7846.T,パイロットコーポレーション,その他製品,52W_NEW_HIGH,False,False,False,1803.0
2026-07-20,7951,7951.T,ヤマハ,その他製品,52W_NEAR_HIGH,False,False,False,1226.0
2026-07-20,7976,7976.T,三菱鉛筆,その他製品,52W_NEAR_HIGH,False,False,False,2688.0
2026-07-20,7979,7979.T,松風,精密機器,52W_NEW_HIGH,False,False,False,2209.0
2026-07-20,8037,8037.T,カメイ,卸売業,52W_NEAR_HIGH,False,False,False,3630.0
2026-07-20,8079,8079.T,正栄食品工業,卸売業,52W_NEAR_HIGH,False,False,False,4350.0
2026-07-20,8163,8163.T,ＳＲＳホールディングス,小売業,52W_NEAR_HIGH,False,False,False,1293.0
2026-07-20,8283,8283.T,ＰＡＬＴＡＣ,卸売業,52W_NEAR_HIGH,False,False,False,6607.0
2026-07-20,8439,8439.T,東京センチュリー,その他金融業,52W_NEAR_HIGH,False,False,False,2609.5
2026-07-20,8566,8566.T,リコーリース,その他金融業,52W_NEW_HIGH,False,False,False,6580.0
2026-07-20,8613,8613.T,丸三証券,証券、商品先物取引業,52W_NEAR_HIGH,False,False,False,1141.0
2026-07-20,8630,8630.T,ＳＯＭＰＯホールディングス,保険業,52W_NEAR_HIGH,False,False,False,6630.0
2026-07-20,9007,9007.T,小田急電鉄,陸運業,52W_NEAR_HIGH,False,False,False,1757.0
2026-07-20,9010,9010.T,富士急行,陸運業,52W_NEW_HIGH,False,False,False,2638.0
2026-07-20,9048,9048.T,名古屋鉄道,陸運業,52W_NEAR_HIGH,False,False,False,1921.0
2026-07-20,9069,9069.T,センコーグループホールディングス,陸運業,52W_NEW_HIGH,False,False,False,2195.0
2026-07-20,9076,9076.T,セイノーホールディングス,陸運業,52W_NEAR_HIGH,False,False,False,2704.5
2026-07-20,9278,9278.T,ブックオフグループホールディングス,小売業,52W_NEW_HIGH,False,False,False,2481.0
2026-07-20,9279,9279.T,ギフトホールディングス,小売業,52W_NEW_HIGH,False,False,False,4835.0
2026-07-20,9433,9433.T,ＫＤＤＩ,情報・通信業,52W_NEW_HIGH,False,False,False,2868.0
2026-07-20,9449,9449.T,ＧＭＯインターネットグループ,情報・通信業,52W_NEAR_HIGH,False,False,False,4056.0
2026-07-20,9735,9735.T,セコム,サービス業,52W_NEAR_HIGH,False,False,False,6745.0
2026-07-20,9831,9831.T,ヤマダホールディングス,小売業,52W_NEW_HIGH,False,False,False,698.6
2026-07-20,9861,9861.T,吉野家ホールディングス,小売業,52W_NEAR_HIGH,False,False,False,3652.0
2026-07-20,9882,9882.T,イエローハット,卸売業,52W_NEAR_HIGH,False,False,False,1821.0
2026-07-20,9997,9997.T,ベルーナ,小売業,52W_NEAR_HIGH,False,False,False,1063.0
2026-07-21,1518,1518.T,三井松島ホールディングス,その他製品,52W_NEAR_HIGH,False,False,False,1554.0
2026-07-21,1948,1948.T,弘電社,建設業,52W_NEAR_HIGH,False,False,True,11410.0
2026-07-21,2001,2001.T,ニップン,食料品,52W_NEAR_HIGH,False,False,False,2825.0
2026-07-21,2004,2004.T,昭和産業,食料品,52W_NEAR_HIGH,False,False,False,3500.0
2026-07-21,2053,2053.T,中部飼料,食料品,52W_NEAR_HIGH,False,False,False,1950.0
2026-07-21,2154,2154.T,オープンアップグループ,サービス業,52W_NEW_HIGH,False,False,False,2001.0
2026-07-21,2354,2354.T,ＹＥ　ＤＩＧＩＴＡＬ,情報・通信業,52W_NEW_HIGH,False,True,False,1359.0
2026-07-21,2371,2371.T,カカクコム,サービス業,52W_NEAR_HIGH,False,False,False,3617.0
2026-07-21,2433,2433.T,博報堂ＤＹホールディングス,サービス業,52W_NEW_HIGH,False,False,False,1260.0
2026-07-21,2492,2492.T,インフォマート,サービス業,52W_NEW_HIGH,False,False,False,531.0
2026-07-21,2503,2503.T,キリンホールディングス,食料品,52W_NEW_HIGH,False,False,False,2921.5
2026-07-21,2590,2590.T,ダイドーグループホールディングス,食料品,52W_NEW_HIGH,False,False,False,2925.0
2026-07-21,2613,2613.T,Ｊ－オイルミルズ,食料品,52W_NEAR_HIGH,False,False,False,2103.0
2026-07-21,2674,2674.T,ハードオフコーポレーション,小売業,52W_NEW_HIGH,False,False,False,2863.0
2026-07-21,2681,2681.T,ゲオホールディングス,小売業,52W_NEW_HIGH,False,False,False,2104.0
2026-07-21,2805,2805.T,ヱスビー食品,食料品,52W_NEW_HIGH,False,False,False,6090.0
2026-07-21,2809,2809.T,キユーピー,食料品,52W_NEW_HIGH,True,False,False,4649.0
2026-07-21,2810,2810.T,ハウス食品グループ本社,食料品,52W_NEAR_HIGH,False,False,False,3896.0
2026-07-21,2914,2914.T,日本たばこ産業,食料品,52W_NEAR_HIGH,False,False,False,6425.0
2026-07-21,3091,3091.T,ブロンコビリー,小売業,52W_NEW_HIGH,False,False,False,2420.0
2026-07-21,3151,3151.T,バイタルケーエスケー・ホールディングス,卸売業,52W_NEW_HIGH,False,False,False,1668.0
2026-07-21,3191,3191.T,ジョイフル本田,小売業,52W_NEW_HIGH,False,False,False,2300.0
2026-07-21,3276,3276.T,ＪＰＭＣ,不動産業,52W_NEW_HIGH,False,False,False,1774.0
2026-07-21,3407,3407.T,旭化成,化学,52W_NEAR_HIGH,False,False,False,1862.0
2026-07-21,3480,3480.T,ジェイ・エス・ビー,不動産業,52W_NEAR_HIGH,False,False,True,8990.0
2026-07-21,3708,3708.T,特種東海製紙,パルプ・紙,52W_NEW_HIGH,False,False,False,2102.0
2026-07-21,3774,3774.T,インターネットイニシアティブ,情報・通信業,52W_NEAR_HIGH,False,False,False,3541.0
2026-07-21,3864,3864.T,三菱製紙,パルプ・紙,52W_NEW_HIGH,False,False,False,1226.0
2026-07-21,3946,3946.T,トーモク,パルプ・紙,52W_NEW_HIGH,False,False,False,4480.0
2026-07-21,3950,3950.T,ザ・パック,パルプ・紙,52W_NEW_HIGH,False,False,False,1435.0
2026-07-21,4188,4188.T,三菱ケミカルグループ,化学,52W_NEAR_HIGH,False,False,False,1193.0
2026-07-21,4189,4189.T,ＫＨネオケム,化学,52W_NEAR_HIGH,False,False,False,3035.0
2026-07-21,4417,4417.T,グローバルセキュリティエキスパート,情報・通信業,52W_NEAR_HIGH,False,False,False,4450.0
2026-07-21,4634,4634.T,ａｒｔｉｅｎｃｅ,化学,52W_NEW_HIGH,False,False,False,4560.0
2026-07-21,4665,4665.T,ダスキン,サービス業,52W_NEW_HIGH,False,False,False,4517.0
2026-07-21,4746,4746.T,東計電算,情報・通信業,52W_NEAR_HIGH,False,False,False,4810.0
2026-07-21,4800,4800.T,オリコン,情報・通信業,52W_NEAR_HIGH,False,False,True,1359.0
2026-07-21,4919,4919.T,ミルボン,化学,52W_NEW_HIGH,False,False,False,2848.0
2026-07-21,4958,4958.T,長谷川香料,化学,52W_NEW_HIGH,False,False,False,3275.0
2026-07-21,4972,4972.T,綜研化学,化学,52W_NEAR_HIGH,False,False,False,3600.0
2026-07-21,5108,5108.T,ブリヂストン,ゴム製品,52W_NEAR_HIGH,False,False,False,3778.0
2026-07-21,5444,5444.T,大和工業,鉄鋼,52W_NEAR_HIGH,False,False,False,12980.0
2026-07-21,5644,5644.T,メタルアート,鉄鋼,52W_NEAR_HIGH,False,False,True,7710.0
2026-07-21,6080,6080.T,Ｍ＆Ａキャピタルパートナーズ,サービス業,52W_NEAR_HIGH,False,False,False,3705.0
2026-07-21,6098,6098.T,リクルートホールディングス,サービス業,52W_NEW_HIGH,False,False,False,12920.0
2026-07-21,6178,6178.T,日本郵政,サービス業,52W_NEW_HIGH,False,False,False,2418.5
2026-07-21,6194,6194.T,アトラエ,サービス業,52W_NEAR_HIGH,False,False,False,840.0
2026-07-21,6237,6237.T,イワキポンプ,機械,52W_NEW_HIGH,False,False,False,4745.0
2026-07-21,6238,6238.T,フリュー,機械,52W_NEAR_HIGH,False,False,False,1379.0
2026-07-21,6306,6306.T,日工,機械,52W_NEAR_HIGH,False,False,False,949.0
2026-07-21,6448,6448.T,ブラザー工業,電気機器,52W_NEAR_HIGH,False,False,False,3904.0
2026-07-21,6463,6463.T,ＴＰＲ,機械,52W_NEAR_HIGH,False,False,False,1427.0
2026-07-21,6737,6737.T,ＥＩＺＯ,電気機器,52W_NEAR_HIGH,False,False,False,2664.0
2026-07-21,7128,7128.T,ユニソルホールディングス,卸売業,52W_NEAR_HIGH,False,False,False,2601.0
2026-07-21,7180,7180.T,九州フィナンシャルグループ,銀行業,52W_NEAR_HIGH,False,False,False,1552.0
2026-07-21,7182,7182.T,ゆうちょ銀行,銀行業,52W_NEAR_HIGH,False,False,False,3348.0
2026-07-21,7184,7184.T,富山第一銀行,銀行業,52W_NEW_HIGH,False,False,False,2897.0
2026-07-21,7272,7272.T,ヤマハ発動機,輸送用機器,52W_NEAR_HIGH,False,False,False,1293.5
2026-07-21,7322,7322.T,三十三フィナンシャルグループ,銀行業,52W_NEW_HIGH,False,False,False,1932.0
2026-07-21,7337,7337.T,ひろぎんホールディングス,銀行業,52W_NEAR_HIGH,False,False,False,2208.5
2026-07-21,7381,7381.T,ＣＣＩグループ,銀行業,52W_NEAR_HIGH,False,False,False,1137.0
2026-07-21,7389,7389.T,あいちフィナンシャルグループ,銀行業,52W_NEW_HIGH,False,False,False,1824.0
2026-07-21,7458,7458.T,第一興商,卸売業,52W_NEW_HIGH,False,False,False,1801.0
2026-07-21,7616,7616.T,コロワイド,小売業,52W_NEAR_HIGH,False,False,False,1981.0
2026-07-21,7803,7803.T,ブシロード,その他製品,52W_NEW_HIGH,False,False,False,397.0
2026-07-21,7839,7839.T,ＳＨＯＥＩ,その他製品,52W_NEAR_HIGH,False,False,False,1887.0
2026-07-21,7846,7846.T,パイロットコーポレーション,その他製品,52W_NEAR_HIGH,False,False,False,1795.5
2026-07-21,7867,7867.T,タカラトミー,その他製品,52W_NEW_HIGH,True,False,False,3690.0
2026-07-21,7951,7951.T,ヤマハ,その他製品,52W_NEAR_HIGH,False,False,False,1223.5
2026-07-21,7976,7976.T,三菱鉛筆,その他製品,52W_NEAR_HIGH,False,False,False,2669.0
2026-07-21,8037,8037.T,カメイ,卸売業,52W_NEAR_HIGH,False,False,False,3710.0
2026-07-21,8079,8079.T,正栄食品工業,卸売業,52W_NEAR_HIGH,False,False,False,4400.0
2026-07-21,8133,8133.T,伊藤忠エネクス,卸売業,52W_NEAR_HIGH,False,False,False,2074.0
2026-07-21,8142,8142.T,トーホー,卸売業,52W_NEAR_HIGH,False,False,False,1383.0
2026-07-21,8163,8163.T,ＳＲＳホールディングス,小売業,52W_NEAR_HIGH,False,False,False,1298.0
2026-07-21,8242,8242.T,エイチ・ツー・オー　リテイリング,小売業,52W_NEAR_HIGH,False,False,False,2855.0
2026-07-21,8283,8283.T,ＰＡＬＴＡＣ,卸売業,52W_NEAR_HIGH,False,False,False,6603.0
2026-07-21,8304,8304.T,あおぞら銀行,銀行業,52W_NEW_HIGH,False,False,False,2982.5
2026-07-21,8309,8309.T,三井住友トラストグループ,銀行業,52W_NEAR_HIGH,False,False,False,6734.0
2026-07-21,8316,8316.T,三井住友フィナンシャルグループ,銀行業,52W_NEAR_HIGH,False,False,False,6951.0
2026-07-21,8336,8336.T,武蔵野銀行,銀行業,52W_NEAR_HIGH,False,False,False,2658.0
2026-07-21,8345,8345.T,岩手銀行,銀行業,52W_NEAR_HIGH,False,False,False,2176.0
2026-07-21,8346,8346.T,東邦銀行,銀行業,52W_NEW_HIGH,False,False,False,868.0
2026-07-21,8359,8359.T,八十二長野銀行,銀行業,52W_NEAR_HIGH,False,False,False,2578.5
2026-07-21,8367,8367.T,南都銀行,銀行業,52W_NEAR_HIGH,False,False,False,1874.0
2026-07-21,8370,8370.T,紀陽銀行,銀行業,52W_NEAR_HIGH,False,False,False,4725.0
2026-07-21,8386,8386.T,百十四銀行,銀行業,52W_NEW_HIGH,False,False,False,2817.0
2026-07-21,8387,8387.T,四国銀行,銀行業,52W_NEAR_HIGH,False,False,False,3235.0
2026-07-21,8388,8388.T,阿波銀行,銀行業,52W_NEAR_HIGH,False,False,False,7990.0
2026-07-21,8392,8392.T,大分銀行,銀行業,52W_NEAR_HIGH,False,False,False,2618.0
2026-07-21,8393,8393.T,宮崎銀行,銀行業,52W_NEW_HIGH,False,False,False,2363.0
2026-07-21,8410,8410.T,セブン銀行,銀行業,52W_NEAR_HIGH,False,False,False,311.3
2026-07-21,8439,8439.T,東京センチュリー,その他金融業,52W_NEAR_HIGH,False,False,False,2672.0
2026-07-21,8511,8511.T,日本証券金融,その他金融業,52W_NEAR_HIGH,False,False,False,2440.0
2026-07-21,8541,8541.T,愛媛銀行,銀行業,52W_NEAR_HIGH,False,False,False,2437.0
2026-07-21,8566,8566.T,リコーリース,その他金融業,52W_NEW_HIGH,False,False,False,6770.0
2026-07-21,8591,8591.T,オリックス,その他金融業,52W_NEAR_HIGH,False,False,False,6502.0
2026-07-21,8601,8601.T,大和証券グループ本社,証券、商品先物取引業,52W_NEAR_HIGH,False,False,False,1847.0
2026-07-21,8609,8609.T,岡三証券グループ,証券、商品先物取引業,52W_NEAR_HIGH,False,False,False,1048.0
2026-07-21,8613,8613.T,丸三証券,証券、商品先物取引業,52W_NEAR_HIGH,False,False,False,1140.0
2026-07-21,8622,8622.T,水戸証券,証券、商品先物取引業,52W_NEAR_HIGH,False,False,False,753.0
2026-07-21,8628,8628.T,松井証券,証券、商品先物取引業,52W_NEAR_HIGH,False,False,False,1086.0
2026-07-21,8630,8630.T,ＳＯＭＰＯホールディングス,保険業,52W_NEW_HIGH,False,False,False,6946.0
2026-07-21,8697,8697.T,日本取引所グループ,その他金融業,52W_NEAR_HIGH,False,False,False,2255.5
2026-07-21,8707,8707.T,岩井コスモホールディングス,証券、商品先物取引業,52W_NEAR_HIGH,False,False,False,4305.0
2026-07-21,8708,8708.T,アイザワ証券グループ,証券、商品先物取引業,52W_NEAR_HIGH,False,False,False,1617.0
2026-07-21,8725,8725.T,ＭＳ＆ＡＤインシュアランスグループホールディングス,保険業,52W_NEAR_HIGH,False,False,False,4740.0
2026-07-21,8750,8750.T,第一ライフグループ,保険業,52W_NEAR_HIGH,False,False,False,1877.5
2026-07-21,8766,8766.T,東京海上ホールディングス,保険業,52W_NEAR_HIGH,False,False,False,7874.0
2026-07-21,8771,8771.T,イー・ギャランティ,その他金融業,52W_NEAR_HIGH,False,False,False,1885.0
2026-07-21,8795,8795.T,Ｔ＆Ｄホールディングス,保険業,52W_NEAR_HIGH,False,False,False,4996.0
2026-07-21,9010,9010.T,富士急行,陸運業,52W_NEAR_HIGH,False,False,False,2655.0
2026-07-21,9048,9048.T,名古屋鉄道,陸運業,52W_NEW_HIGH,False,False,False,1932.5
2026-07-21,9069,9069.T,センコーグループホールディングス,陸運業,52W_NEW_HIGH,False,False,False,2225.5
2026-07-21,9076,9076.T,セイノーホールディングス,陸運業,52W_NEAR_HIGH,False,False,False,2699.5
2026-07-21,9147,9147.T,ＮＩＰＰＯＮ　ＥＸＰＲＥＳＳホールディングス,陸運業,52W_NEAR_HIGH,False,False,False,5545.0
2026-07-21,9274,9274.T,ＫＰＰグループホールディングス,卸売業,52W_NEAR_HIGH,False,False,False,1073.0
2026-07-21,9278,9278.T,ブックオフグループホールディングス,小売業,52W_NEW_HIGH,False,True,False,2638.0
2026-07-21,9301,9301.T,三菱倉庫,倉庫・運輸関連業,52W_NEAR_HIGH,False,False,False,1599.0
2026-07-21,9304,9304.T,澁澤倉庫,倉庫・運輸関連業,52W_NEW_HIGH,False,False,False,2136.0
2026-07-21,9324,9324.T,安田倉庫,倉庫・運輸関連業,52W_NEAR_HIGH,False,False,False,2632.0
2026-07-21,9433,9433.T,ＫＤＤＩ,情報・通信業,52W_NEW_HIGH,False,False,False,2881.5
2026-07-21,9436,9436.T,沖縄セルラー電話,情報・通信業,52W_NEAR_HIGH,False,False,False,3785.0
2026-07-21,9449,9449.T,ＧＭＯインターネットグループ,情報・通信業,52W_NEAR_HIGH,False,False,False,4058.0
2026-07-21,9735,9735.T,セコム,サービス業,52W_NEW_HIGH,False,False,False,6735.0
2026-07-21,9831,9831.T,ヤマダホールディングス,小売業,52W_NEW_HIGH,False,False,False,728.1
2026-07-21,9882,9882.T,イエローハット,卸売業,52W_NEAR_HIGH,False,False,False,1825.0
2026-07-21,9997,9997.T,ベルーナ,小売業,52W_NEW_HIGH,True,False,False,1074.0
2026-07-22,1518,1518.T,三井松島ホールディングス,その他製品,52W_NEAR_HIGH,False,False,False,1571.0
2026-07-22,1948,1948.T,弘電社,建設業,52W_NEAR_HIGH,False,False,True,11410.0
2026-07-22,2004,2004.T,昭和産業,食料品,52W_NEAR_HIGH,False,False,False,3480.0
2026-07-22,2053,2053.T,中部飼料,食料品,52W_NEAR_HIGH,False,False,False,1953.0
2026-07-22,2154,2154.T,オープンアップグループ,サービス業,52W_NEAR_HIGH,False,False,False,1961.0
2026-07-22,2354,2354.T,ＹＥ　ＤＩＧＩＴＡＬ,情報・通信業,52W_NEW_HIGH,False,True,False,1396.0
2026-07-22,2371,2371.T,カカクコム,サービス業,52W_NEAR_HIGH,False,False,False,3615.0
2026-07-22,2503,2503.T,キリンホールディングス,食料品,52W_NEAR_HIGH,False,False,False,2875.0
2026-07-22,2613,2613.T,Ｊ－オイルミルズ,食料品,52W_NEAR_HIGH,False,False,False,2081.0
2026-07-22,2805,2805.T,ヱスビー食品,食料品,52W_NEAR_HIGH,False,False,False,6100.0
2026-07-22,2914,2914.T,日本たばこ産業,食料品,52W_NEAR_HIGH,False,False,False,6330.0
2026-07-22,3087,3087.T,ドトール・日レスホールディングス,小売業,52W_NEAR_HIGH,False,False,False,3040.0
2026-07-22,3091,3091.T,ブロンコビリー,小売業,52W_NEAR_HIGH,False,False,False,2396.0
2026-07-22,3132,3132.T,マクニカホールディングス,卸売業,52W_NEAR_HIGH,False,False,False,3445.0
2026-07-22,3151,3151.T,バイタルケーエスケー・ホールディングス,卸売業,52W_NEAR_HIGH,False,False,False,1654.0
2026-07-22,3191,3191.T,ジョイフル本田,小売業,52W_NEAR_HIGH,False,False,False,2270.0
2026-07-22,3407,3407.T,旭化成,化学,52W_NEAR_HIGH,False,False,False,1867.0
2026-07-22,3480,3480.T,ジェイ・エス・ビー,不動産業,52W_NEW_HIGH,False,False,False,9010.0
2026-07-22,3708,3708.T,特種東海製紙,パルプ・紙,52W_NEW_HIGH,False,False,False,2118.0
2026-07-22,3946,3946.T,トーモク,パルプ・紙,52W_NEW_HIGH,False,False,False,4470.0
2026-07-22,3950,3950.T,ザ・パック,パルプ・紙,52W_NEAR_HIGH,False,False,False,1431.0
2026-07-22,4027,4027.T,テイカ,化学,52W_NEAR_HIGH,False,False,False,2430.0
2026-07-22,4118,4118.T,カネカ,化学,52W_NEAR_HIGH,False,False,False,5767.0
2026-07-22,4188,4188.T,三菱ケミカルグループ,化学,52W_NEAR_HIGH,False,False,False,1210.5
2026-07-22,4189,4189.T,ＫＨネオケム,化学,52W_NEAR_HIGH,False,False,False,3060.0
2026-07-22,4208,4208.T,ＵＢＥ,化学,52W_NEAR_HIGH,False,False,False,3269.0
2026-07-22,4634,4634.T,ａｒｔｉｅｎｃｅ,化学,52W_NEW_HIGH,False,False,False,4605.0
2026-07-22,4665,4665.T,ダスキン,サービス業,52W_NEAR_HIGH,False,False,False,4456.0
2026-07-22,4746,4746.T,東計電算,情報・通信業,52W_NEAR_HIGH,False,False,False,4820.0
2026-07-22,4800,4800.T,オリコン,情報・通信業,52W_NEAR_HIGH,False,False,True,1360.0
2026-07-22,4919,4919.T,ミルボン,化学,52W_NEAR_HIGH,False,False,False,2804.0
2026-07-22,4958,4958.T,長谷川香料,化学,52W_NEAR_HIGH,False,False,False,3270.0
2026-07-22,4972,4972.T,綜研化学,化学,52W_NEW_HIGH,False,False,False,3715.0
2026-07-22,5444,5444.T,大和工業,鉄鋼,52W_NEAR_HIGH,False,False,False,12940.0
2026-07-22,5644,5644.T,メタルアート,鉄鋼,52W_NEAR_HIGH,False,False,True,7730.0
2026-07-22,5831,5831.T,しずおかフィナンシャルグループ,銀行業,52W_NEAR_HIGH,False,False,False,3348.0
2026-07-22,6080,6080.T,Ｍ＆Ａキャピタルパートナーズ,サービス業,52W_NEAR_HIGH,False,False,False,3705.0
2026-07-22,6178,6178.T,日本郵政,サービス業,52W_NEW_HIGH,False,False,False,2449.0
2026-07-22,6237,6237.T,イワキポンプ,機械,52W_NEW_HIGH,False,False,False,4895.0
2026-07-22,6306,6306.T,日工,機械,52W_NEAR_HIGH,False,False,False,955.0
2026-07-22,6381,6381.T,アネスト岩田,機械,52W_NEAR_HIGH,False,False,False,1761.0
2026-07-22,6448,6448.T,ブラザー工業,電気機器,52W_NEW_HIGH,False,False,False,3935.0
2026-07-22,6463,6463.T,ＴＰＲ,機械,52W_NEAR_HIGH,False,False,False,1445.0
2026-07-22,6638,6638.T,ミマキエンジニアリング,電気機器,52W_NEAR_HIGH,False,False,False,2202.0
2026-07-22,6676,6676.T,ＢＵＦＦＡＬＯ,電気機器,52W_NEW_HIGH,False,False,False,2772.0
2026-07-22,6737,6737.T,ＥＩＺＯ,電気機器,52W_NEW_HIGH,False,False,False,2766.0
2026-07-22,7128,7128.T,ユニソルホールディングス,卸売業,52W_NEAR_HIGH,False,False,False,2617.0
2026-07-22,7180,7180.T,九州フィナンシャルグループ,銀行業,52W_NEW_HIGH,False,False,False,1589.0
2026-07-22,7182,7182.T,ゆうちょ銀行,銀行業,52W_NEW_HIGH,False,False,False,3446.0
2026-07-22,7184,7184.T,富山第一銀行,銀行業,52W_NEW_HIGH,False,False,False,2972.0
2026-07-22,7186,7186.T,横浜フィナンシャルグループ,銀行業,52W_NEAR_HIGH,False,False,False,1910.0
2026-07-22,7189,7189.T,西日本フィナンシャルホールディングス,銀行業,52W_NEAR_HIGH,False,False,False,4413.0
2026-07-22,7236,7236.T,ティラド,輸送用機器,52W_NEAR_HIGH,False,False,False,1556.0
2026-07-22,7272,7272.T,ヤマハ発動機,輸送用機器,52W_NEAR_HIGH,False,False,False,1297.5
2026-07-22,7322,7322.T,三十三フィナンシャルグループ,銀行業,52W_NEW_HIGH,False,False,False,1968.0
2026-07-22,7327,7327.T,第四北越フィナンシャルグループ,銀行業,52W_NEAR_HIGH,False,False,False,2332.0
2026-07-22,7337,7337.T,ひろぎんホールディングス,銀行業,52W_NEAR_HIGH,False,False,False,2257.5
2026-07-22,7350,7350.T,おきなわフィナンシャルグループ,銀行業,52W_NEAR_HIGH,False,False,False,7210.0
2026-07-22,7381,7381.T,ＣＣＩグループ,銀行業,52W_NEW_HIGH,False,False,False,1159.0
2026-07-22,7384,7384.T,プロクレアホールディングス,銀行業,52W_NEAR_HIGH,False,False,False,4160.0
2026-07-22,7389,7389.T,あいちフィナンシャルグループ,銀行業,52W_NEW_HIGH,False,False,False,1833.0
2026-07-22,7752,7752.T,リコー,電気機器,52W_NEAR_HIGH,False,False,False,1565.0
2026-07-22,7839,7839.T,ＳＨＯＥＩ,その他製品,52W_NEAR_HIGH,False,False,False,1872.0
2026-07-22,7951,7951.T,ヤマハ,その他製品,52W_NEAR_HIGH,False,False,False,1216.5
2026-07-22,7970,7970.T,信越ポリマー,化学,52W_NEAR_HIGH,False,False,False,2507.0
2026-07-22,8037,8037.T,カメイ,卸売業,52W_NEW_HIGH,False,False,False,3715.0
2026-07-22,8079,8079.T,正栄食品工業,卸売業,52W_NEAR_HIGH,False,False,False,4380.0
2026-07-22,8084,8084.T,ＲＹＯＤＥＮ,卸売業,52W_NEAR_HIGH,False,False,False,3980.0
2026-07-22,8101,8101.T,ＧＳＩクレオス,卸売業,52W_NEAR_HIGH,False,False,False,2722.0
2026-07-22,8133,8133.T,伊藤忠エネクス,卸売業,52W_NEAR_HIGH,False,False,False,2064.0
2026-07-22,8159,8159.T,立花エレテック,卸売業,52W_NEAR_HIGH,False,False,False,3390.0
2026-07-22,8163,8163.T,ＳＲＳホールディングス,小売業,52W_NEAR_HIGH,False,False,False,1298.0
2026-07-22,8283,8283.T,ＰＡＬＴＡＣ,卸売業,52W_NEAR_HIGH,False,False,True,6620.0
2026-07-22,8304,8304.T,あおぞら銀行,銀行業,52W_NEW_HIGH,False,False,False,3020.0
2026-07-22,8306,8306.T,三菱ＵＦＪフィナンシャル・グループ,銀行業,52W_NEAR_HIGH,False,False,False,3675.0
2026-07-22,8309,8309.T,三井住友トラストグループ,銀行業,52W_NEW_HIGH,False,False,False,6864.0
2026-07-22,8316,8316.T,三井住友フィナンシャルグループ,銀行業,52W_NEAR_HIGH,False,False,False,7116.0
2026-07-22,8334,8334.T,群馬銀行,銀行業,52W_NEAR_HIGH,False,False,False,2587.5
2026-07-22,8336,8336.T,武蔵野銀行,銀行業,52W_NEAR_HIGH,False,False,False,2703.0
2026-07-22,8341,8341.T,七十七銀行,銀行業,52W_NEAR_HIGH,False,False,False,3578.0
2026-07-22,8343,8343.T,秋田銀行,銀行業,52W_NEAR_HIGH,False,False,False,7240.0
2026-07-22,8345,8345.T,岩手銀行,銀行業,52W_NEAR_HIGH,False,False,False,2216.0
2026-07-22,8346,8346.T,東邦銀行,銀行業,52W_NEW_HIGH,False,False,False,889.0
2026-07-22,8354,8354.T,ふくおかフィナンシャルグループ,銀行業,52W_NEAR_HIGH,False,False,False,7533.0
2026-07-22,8358,8358.T,スルガ銀行,銀行業,52W_NEAR_HIGH,False,False,False,2714.0
2026-07-22,8359,8359.T,八十二長野銀行,銀行業,52W_NEAR_HIGH,False,False,False,2632.0
2026-07-22,8360,8360.T,山梨中央銀行,銀行業,52W_NEAR_HIGH,False,False,False,6730.0
2026-07-22,8367,8367.T,南都銀行,銀行業,52W_NEAR_HIGH,False,False,False,1906.0
2026-07-22,8370,8370.T,紀陽銀行,銀行業,52W_NEAR_HIGH,False,False,False,4815.0
2026-07-22,8377,8377.T,ほくほくフィナンシャルグループ,銀行業,52W_NEAR_HIGH,False,False,False,7591.0
2026-07-22,8381,8381.T,山陰合同銀行,銀行業,52W_NEAR_HIGH,False,False,False,2474.0
2026-07-22,8386,8386.T,百十四銀行,銀行業,52W_NEW_HIGH,False,False,False,2895.0
2026-07-22,8387,8387.T,四国銀行,銀行業,52W_NEAR_HIGH,False,False,False,3300.0
2026-07-22,8388,8388.T,阿波銀行,銀行業,52W_NEW_HIGH,False,False,False,8290.0
2026-07-22,8392,8392.T,大分銀行,銀行業,52W_NEW_HIGH,False,False,False,2705.0
2026-07-22,8393,8393.T,宮崎銀行,銀行業,52W_NEW_HIGH,False,False,False,2412.0
2026-07-22,8395,8395.T,佐賀銀行,銀行業,52W_NEAR_HIGH,False,False,False,5790.0
2026-07-22,8399,8399.T,琉球銀行,銀行業,52W_NEAR_HIGH,False,False,False,2905.0
2026-07-22,8410,8410.T,セブン銀行,銀行業,52W_NEAR_HIGH,False,False,False,310.1
2026-07-22,8411,8411.T,みずほフィナンシャルグループ,銀行業,52W_NEAR_HIGH,False,False,False,8613.0
2026-07-22,8418,8418.T,山口フィナンシャルグループ,銀行業,52W_NEAR_HIGH,False,False,False,3098.0
2026-07-22,8439,8439.T,東京センチュリー,その他金融業,52W_NEAR_HIGH,False,False,False,2651.5
2026-07-22,8511,8511.T,日本証券金融,その他金融業,52W_NEW_HIGH,False,False,False,2477.0
2026-07-22,8522,8522.T,名古屋銀行,銀行業,52W_NEAR_HIGH,False,False,False,6670.0
2026-07-22,8524,8524.T,北洋銀行,銀行業,52W_NEAR_HIGH,False,False,False,1220.0
2026-07-22,8541,8541.T,愛媛銀行,銀行業,52W_NEW_HIGH,False,False,False,2486.0
2026-07-22,8544,8544.T,京葉銀行,銀行業,52W_NEAR_HIGH,False,False,False,2697.0
2026-07-22,8551,8551.T,北日本銀行,銀行業,52W_NEAR_HIGH,False,False,False,6470.0
2026-07-22,8566,8566.T,リコーリース,その他金融業,52W_NEAR_HIGH,False,False,False,6790.0
2026-07-22,8591,8591.T,オリックス,その他金融業,52W_NEW_HIGH,False,False,False,6615.0
2026-07-22,8600,8600.T,トモニホールディングス,銀行業,52W_NEAR_HIGH,False,False,False,982.0
2026-07-22,8601,8601.T,大和証券グループ本社,証券、商品先物取引業,52W_NEAR_HIGH,False,False,False,1855.0
2026-07-22,8604,8604.T,野村ホールディングス,証券、商品先物取引業,52W_NEAR_HIGH,False,False,False,1614.0
2026-07-22,8609,8609.T,岡三証券グループ,証券、商品先物取引業,52W_NEW_HIGH,False,False,False,1074.0
2026-07-22,8613,8613.T,丸三証券,証券、商品先物取引業,52W_NEAR_HIGH,False,False,False,1151.0
2026-07-22,8616,8616.T,東海東京フィナンシャル・ホールディングス,証券、商品先物取引業,52W_NEAR_HIGH,False,False,False,814.0
2026-07-22,8622,8622.T,水戸証券,証券、商品先物取引業,52W_NEW_HIGH,True,False,False,780.0
2026-07-22,8628,8628.T,松井証券,証券、商品先物取引業,52W_NEW_HIGH,False,False,False,1111.0
2026-07-22,8630,8630.T,ＳＯＭＰＯホールディングス,保険業,52W_NEAR_HIGH,False,False,False,6834.0
2026-07-22,8697,8697.T,日本取引所グループ,その他金融業,52W_NEAR_HIGH,False,False,False,2239.5
2026-07-22,8707,8707.T,岩井コスモホールディングス,証券、商品先物取引業,52W_NEAR_HIGH,False,False,False,4320.0
2026-07-22,8708,8708.T,アイザワ証券グループ,証券、商品先物取引業,52W_NEW_HIGH,True,False,False,1653.0
2026-07-22,8714,8714.T,池田泉州ホールディングス,銀行業,52W_NEAR_HIGH,False,False,False,1048.0
2026-07-22,8725,8725.T,ＭＳ＆ＡＤインシュアランスグループホールディングス,保険業,52W_NEW_HIGH,False,False,False,4806.0
2026-07-22,8750,8750.T,第一ライフグループ,保険業,52W_NEAR_HIGH,False,False,False,1886.0
2026-07-22,8766,8766.T,東京海上ホールディングス,保険業,52W_NEAR_HIGH,False,False,False,7905.0
2026-07-22,8771,8771.T,イー・ギャランティ,その他金融業,52W_NEAR_HIGH,False,False,False,1857.0
2026-07-22,8795,8795.T,Ｔ＆Ｄホールディングス,保険業,52W_NEAR_HIGH,False,False,False,5061.0
2026-07-22,9048,9048.T,名古屋鉄道,陸運業,52W_NEAR_HIGH,False,False,False,1887.0
2026-07-22,9069,9069.T,センコーグループホールディングス,陸運業,52W_NEAR_HIGH,False,False,False,2188.5
2026-07-22,9147,9147.T,ＮＩＰＰＯＮ　ＥＸＰＲＥＳＳホールディングス,陸運業,52W_NEAR_HIGH,False,False,False,5534.0
2026-07-22,9274,9274.T,ＫＰＰグループホールディングス,卸売業,52W_NEW_HIGH,False,False,False,1101.0
2026-07-22,9301,9301.T,三菱倉庫,倉庫・運輸関連業,52W_NEAR_HIGH,False,False,False,1603.5
2026-07-22,9436,9436.T,沖縄セルラー電話,情報・通信業,52W_NEAR_HIGH,False,False,False,3790.0
2026-07-22,9735,9735.T,セコム,サービス業,52W_NEAR_HIGH,False,False,False,6667.0
2026-07-22,9997,9997.T,ベルーナ,小売業,52W_NEAR_HIGH,False,False,False,1065.0
2026-07-23,1518,1518.T,三井松島ホールディングス,その他製品,52W_NEW_HIGH,True,True,False,1953.0
2026-07-23,1948,1948.T,弘電社,建設業,52W_NEAR_HIGH,False,False,True,11400.0
2026-07-23,2004,2004.T,昭和産業,食料品,52W_NEAR_HIGH,False,False,False,3455.0
2026-07-23,2053,2053.T,中部飼料,食料品,52W_NEAR_HIGH,False,False,False,1966.0
2026-07-23,2108,2108.T,日本甜菜製糖,食料品,52W_NEAR_HIGH,False,False,False,4925.0
2026-07-23,2154,2154.T,オープンアップグループ,サービス業,52W_NEAR_HIGH,False,False,False,1977.0
2026-07-23,2371,2371.T,カカクコム,サービス業,52W_NEAR_HIGH,False,False,False,3635.0
2026-07-23,2503,2503.T,キリンホールディングス,食料品,52W_NEAR_HIGH,False,False,False,2894.0
2026-07-23,2613,2613.T,Ｊ－オイルミルズ,食料品,52W_NEAR_HIGH,False,False,False,2074.0
2026-07-23,2805,2805.T,ヱスビー食品,食料品,52W_NEAR_HIGH,False,False,False,6150.0
2026-07-23,2914,2914.T,日本たばこ産業,食料品,52W_NEW_HIGH,False,False,False,6369.0
2026-07-23,3087,3087.T,ドトール・日レスホールディングス,小売業,52W_NEAR_HIGH,False,False,False,3065.0
2026-07-23,3091,3091.T,ブロンコビリー,小売業,52W_NEW_HIGH,False,False,False,2453.0
2026-07-23,3151,3151.T,バイタルケーエスケー・ホールディングス,卸売業,52W_NEAR_HIGH,False,False,False,1649.0
2026-07-23,3191,3191.T,ジョイフル本田,小売業,52W_NEAR_HIGH,False,False,False,2273.0
2026-07-23,3407,3407.T,旭化成,化学,52W_NEAR_HIGH,False,False,False,1866.5
2026-07-23,3480,3480.T,ジェイ・エス・ビー,不動産業,52W_NEAR_HIGH,False,False,False,8990.0
2026-07-23,3563,3563.T,ＦＯＯＤ　＆　ＬＩＦＥ　ＣＯＭＰＡＮＩＥＳ,小売業,52W_NEAR_HIGH,False,False,False,5433.0
2026-07-23,3708,3708.T,特種東海製紙,パルプ・紙,52W_NEW_HIGH,False,False,False,2147.0
2026-07-23,3863,3863.T,日本製紙,パルプ・紙,52W_NEAR_HIGH,False,False,False,1590.0
2026-07-23,3864,3864.T,三菱製紙,パルプ・紙,52W_NEAR_HIGH,False,False,False,1198.0
2026-07-23,3946,3946.T,トーモク,パルプ・紙,52W_NEAR_HIGH,False,False,False,4480.0
2026-07-23,3950,3950.T,ザ・パック,パルプ・紙,52W_NEW_HIGH,False,False,False,1455.0
2026-07-23,4027,4027.T,テイカ,化学,52W_NEAR_HIGH,False,False,False,2417.0
2026-07-23,4118,4118.T,カネカ,化学,52W_NEAR_HIGH,False,False,False,5832.0
2026-07-23,4188,4188.T,三菱ケミカルグループ,化学,52W_NEAR_HIGH,False,False,False,1216.0
2026-07-23,4189,4189.T,ＫＨネオケム,化学,52W_NEAR_HIGH,False,False,False,3080.0
2026-07-23,4208,4208.T,ＵＢＥ,化学,52W_NEAR_HIGH,False,False,False,3275.0
2026-07-23,4634,4634.T,ａｒｔｉｅｎｃｅ,化学,52W_NEW_HIGH,False,False,False,4550.0
2026-07-23,4746,4746.T,東計電算,情報・通信業,52W_NEAR_HIGH,False,False,False,4805.0
2026-07-23,4800,4800.T,オリコン,情報・通信業,52W_NEAR_HIGH,False,False,True,1360.0
2026-07-23,4919,4919.T,ミルボン,化学,52W_NEAR_HIGH,False,False,False,2797.0
2026-07-23,4958,4958.T,長谷川香料,化学,52W_NEAR_HIGH,False,False,False,3260.0
2026-07-23,4972,4972.T,綜研化学,化学,52W_NEW_HIGH,False,False,False,3805.0
2026-07-23,5108,5108.T,ブリヂストン,ゴム製品,52W_NEAR_HIGH,False,False,False,3747.0
2026-07-23,5444,5444.T,大和工業,鉄鋼,52W_NEAR_HIGH,False,False,False,13040.0
2026-07-23,5644,5644.T,メタルアート,鉄鋼,52W_NEAR_HIGH,False,False,True,7710.0
2026-07-23,5831,5831.T,しずおかフィナンシャルグループ,銀行業,52W_NEAR_HIGH,False,False,False,3362.0
2026-07-23,5832,5832.T,ちゅうぎんフィナンシャルグループ,銀行業,52W_NEAR_HIGH,False,False,False,3392.0
2026-07-23,6080,6080.T,Ｍ＆Ａキャピタルパートナーズ,サービス業,52W_NEW_HIGH,True,False,False,3735.0
2026-07-23,6178,6178.T,日本郵政,サービス業,52W_NEW_HIGH,False,False,False,2460.5
2026-07-23,6237,6237.T,イワキポンプ,機械,52W_NEW_HIGH,False,False,False,5070.0
2026-07-23,6306,6306.T,日工,機械,52W_NEAR_HIGH,False,False,False,962.0
2026-07-23,6381,6381.T,アネスト岩田,機械,52W_NEAR_HIGH,False,False,False,1769.0
2026-07-23,6448,6448.T,ブラザー工業,電気機器,52W_NEW_HIGH,False,False,False,3950.0
2026-07-23,6463,6463.T,ＴＰＲ,機械,52W_NEAR_HIGH,False,False,False,1433.0
2026-07-23,6638,6638.T,ミマキエンジニアリング,電気機器,52W_NEW_HIGH,False,False,False,2210.0
2026-07-23,6676,6676.T,ＢＵＦＦＡＬＯ,電気機器,52W_NEAR_HIGH,False,False,False,2734.0
2026-07-23,6737,6737.T,ＥＩＺＯ,電気機器,52W_NEW_HIGH,False,False,False,2749.0
2026-07-23,7128,7128.T,ユニソルホールディングス,卸売業,52W_NEW_HIGH,False,False,False,2719.0
2026-07-23,7180,7180.T,九州フィナンシャルグループ,銀行業,52W_NEW_HIGH,False,False,False,1605.0
2026-07-23,7181,7181.T,かんぽ生命保険,保険業,52W_NEAR_HIGH,False,False,False,1749.0
2026-07-23,7182,7182.T,ゆうちょ銀行,銀行業,52W_NEW_HIGH,False,False,False,3447.0
2026-07-23,7184,7184.T,富山第一銀行,銀行業,52W_NEW_HIGH,False,False,False,3035.0
2026-07-23,7186,7186.T,横浜フィナンシャルグループ,銀行業,52W_NEW_HIGH,False,False,False,1941.0
2026-07-23,7189,7189.T,西日本フィナンシャルホールディングス,銀行業,52W_NEAR_HIGH,False,False,False,4447.0
2026-07-23,7272,7272.T,ヤマハ発動機,輸送用機器,52W_NEAR_HIGH,False,False,False,1298.0
2026-07-23,7322,7322.T,三十三フィナンシャルグループ,銀行業,52W_NEW_HIGH,False,False,False,1977.0
2026-07-23,7327,7327.T,第四北越フィナンシャルグループ,銀行業,52W_NEAR_HIGH,False,False,False,2355.0
2026-07-23,7337,7337.T,ひろぎんホールディングス,銀行業,52W_NEW_HIGH,False,False,False,2270.5
2026-07-23,7350,7350.T,おきなわフィナンシャルグループ,銀行業,52W_NEAR_HIGH,False,False,False,7300.0
2026-07-23,7380,7380.T,十六フィナンシャルグループ,銀行業,52W_NEW_HIGH,False,False,False,2555.0
2026-07-23,7381,7381.T,ＣＣＩグループ,銀行業,52W_NEAR_HIGH,False,False,False,1170.0
2026-07-23,7384,7384.T,プロクレアホールディングス,銀行業,52W_NEW_HIGH,False,False,False,4250.0
2026-07-23,7389,7389.T,あいちフィナンシャルグループ,銀行業,52W_NEAR_HIGH,False,False,False,1842.0
2026-07-23,7752,7752.T,リコー,電気機器,52W_NEAR_HIGH,False,False,False,1561.5
2026-07-23,7839,7839.T,ＳＨＯＥＩ,その他製品,52W_NEAR_HIGH,False,False,False,1879.0
2026-07-23,7951,7951.T,ヤマハ,その他製品,52W_NEAR_HIGH,False,False,False,1223.5
2026-07-23,7970,7970.T,信越ポリマー,化学,52W_NEAR_HIGH,False,False,False,2477.0
2026-07-23,8037,8037.T,カメイ,卸売業,52W_NEW_HIGH,False,False,False,3755.0
2026-07-23,8079,8079.T,正栄食品工業,卸売業,52W_NEAR_HIGH,False,False,False,4370.0
2026-07-23,8163,8163.T,ＳＲＳホールディングス,小売業,52W_NEAR_HIGH,False,False,False,1307.0
2026-07-23,8283,8283.T,ＰＡＬＴＡＣ,卸売業,52W_NEAR_HIGH,False,False,False,6610.0
2026-07-23,8304,8304.T,あおぞら銀行,銀行業,52W_NEW_HIGH,False,False,False,3028.0
2026-07-23,8306,8306.T,三菱ＵＦＪフィナンシャル・グループ,銀行業,52W_NEW_HIGH,False,False,False,3750.0
2026-07-23,8308,8308.T,りそなホールディングス,銀行業,52W_NEAR_HIGH,False,False,False,2350.0
2026-07-23,8309,8309.T,三井住友トラストグループ,銀行業,52W_NEW_HIGH,False,False,False,6845.0
2026-07-23,8316,8316.T,三井住友フィナンシャルグループ,銀行業,52W_NEW_HIGH,False,False,False,7167.0
2026-07-23,8331,8331.T,千葉銀行,銀行業,52W_NEAR_HIGH,False,False,False,2749.0
2026-07-23,8334,8334.T,群馬銀行,銀行業,52W_NEAR_HIGH,False,False,False,2595.0
2026-07-23,8336,8336.T,武蔵野銀行,銀行業,52W_NEW_HIGH,False,False,False,2722.0
2026-07-23,8337,8337.T,千葉興業銀行,銀行業,52W_NEAR_HIGH,False,False,False,2714.0
2026-07-23,8341,8341.T,七十七銀行,銀行業,52W_NEAR_HIGH,False,False,False,3602.0
2026-07-23,8343,8343.T,秋田銀行,銀行業,52W_NEAR_HIGH,False,False,False,7340.0
2026-07-23,8345,8345.T,岩手銀行,銀行業,52W_NEW_HIGH,False,False,False,2243.0
2026-07-23,8346,8346.T,東邦銀行,銀行業,52W_NEW_HIGH,False,False,False,889.0
2026-07-23,8354,8354.T,ふくおかフィナンシャルグループ,銀行業,52W_NEW_HIGH,False,False,False,7659.0
2026-07-23,8358,8358.T,スルガ銀行,銀行業,52W_NEAR_HIGH,False,False,False,2728.0
2026-07-23,8359,8359.T,八十二長野銀行,銀行業,52W_NEW_HIGH,False,False,False,2652.5
2026-07-23,8360,8360.T,山梨中央銀行,銀行業,52W_NEW_HIGH,False,False,False,6870.0
2026-07-23,8367,8367.T,南都銀行,銀行業,52W_NEW_HIGH,False,False,False,1922.0
2026-07-23,8370,8370.T,紀陽銀行,銀行業,52W_NEW_HIGH,False,False,False,4875.0
2026-07-23,8377,8377.T,ほくほくフィナンシャルグループ,銀行業,52W_NEAR_HIGH,False,False,False,7671.0
2026-07-23,8381,8381.T,山陰合同銀行,銀行業,52W_NEAR_HIGH,False,False,False,2479.0
2026-07-23,8386,8386.T,百十四銀行,銀行業,52W_NEW_HIGH,False,False,False,2904.0
2026-07-23,8387,8387.T,四国銀行,銀行業,52W_NEAR_HIGH,False,False,False,3315.0
2026-07-23,8388,8388.T,阿波銀行,銀行業,52W_NEW_HIGH,False,False,False,8340.0
2026-07-23,8392,8392.T,大分銀行,銀行業,52W_NEW_HIGH,False,False,False,2739.0
2026-07-23,8393,8393.T,宮崎銀行,銀行業,52W_NEW_HIGH,False,False,False,2459.0
2026-07-23,8395,8395.T,佐賀銀行,銀行業,52W_NEAR_HIGH,False,False,False,5810.0
2026-07-23,8399,8399.T,琉球銀行,銀行業,52W_NEW_HIGH,False,False,False,2949.0
2026-07-23,8410,8410.T,セブン銀行,銀行業,52W_NEAR_HIGH,False,False,False,308.6
2026-07-23,8411,8411.T,みずほフィナンシャルグループ,銀行業,52W_NEW_HIGH,False,False,False,8766.0
2026-07-23,8418,8418.T,山口フィナンシャルグループ,銀行業,52W_NEAR_HIGH,False,False,False,3123.0
2026-07-23,8439,8439.T,東京センチュリー,その他金融業,52W_NEW_HIGH,False,False,False,2685.0
2026-07-23,8511,8511.T,日本証券金融,その他金融業,52W_NEAR_HIGH,False,False,False,2456.0
2026-07-23,8522,8522.T,名古屋銀行,銀行業,52W_NEW_HIGH,False,False,False,6810.0
2026-07-23,8524,8524.T,北洋銀行,銀行業,52W_NEAR_HIGH,False,False,False,1209.0
2026-07-23,8541,8541.T,愛媛銀行,銀行業,52W_NEAR_HIGH,False,False,False,2508.0
2026-07-23,8544,8544.T,京葉銀行,銀行業,52W_NEW_HIGH,False,False,False,2778.0
2026-07-23,8551,8551.T,北日本銀行,銀行業,52W_NEW_HIGH,False,False,False,6640.0
2026-07-23,8566,8566.T,リコーリース,その他金融業,52W_NEAR_HIGH,False,False,False,6720.0
2026-07-23,8591,8591.T,オリックス,その他金融業,52W_NEW_HIGH,False,False,False,6617.0
2026-07-23,8600,8600.T,トモニホールディングス,銀行業,52W_NEW_HIGH,True,False,False,1005.0
2026-07-23,8601,8601.T,大和証券グループ本社,証券、商品先物取引業,52W_NEAR_HIGH,False,False,False,1867.5
2026-07-23,8604,8604.T,野村ホールディングス,証券、商品先物取引業,52W_NEAR_HIGH,False,False,False,1624.5
2026-07-23,8609,8609.T,岡三証券グループ,証券、商品先物取引業,52W_NEAR_HIGH,False,False,False,1071.0
2026-07-23,8613,8613.T,丸三証券,証券、商品先物取引業,52W_NEAR_HIGH,False,False,False,1138.0
2026-07-23,8616,8616.T,東海東京フィナンシャル・ホールディングス,証券、商品先物取引業,52W_NEAR_HIGH,False,False,False,814.0
2026-07-23,8622,8622.T,水戸証券,証券、商品先物取引業,52W_NEW_HIGH,False,False,False,791.0
2026-07-23,8628,8628.T,松井証券,証券、商品先物取引業,52W_NEW_HIGH,False,False,False,1123.0
2026-07-23,8630,8630.T,ＳＯＭＰＯホールディングス,保険業,52W_NEW_HIGH,False,False,False,6946.0
2026-07-23,8697,8697.T,日本取引所グループ,その他金融業,52W_NEW_HIGH,False,False,False,2257.0
2026-07-23,8704,8704.T,トレイダーズホールディングス,証券、商品先物取引業,52W_NEAR_HIGH,False,False,False,1298.0
2026-07-23,8707,8707.T,岩井コスモホールディングス,証券、商品先物取引業,52W_NEAR_HIGH,False,False,False,4305.0
2026-07-23,8708,8708.T,アイザワ証券グループ,証券、商品先物取引業,52W_NEAR_HIGH,False,False,False,1648.0
2026-07-23,8714,8714.T,池田泉州ホールディングス,銀行業,52W_NEAR_HIGH,False,False,False,1051.0
2026-07-23,8725,8725.T,ＭＳ＆ＡＤインシュアランスグループホールディングス,保険業,52W_NEW_HIGH,False,False,False,4873.0
2026-07-23,8750,8750.T,第一ライフグループ,保険業,52W_NEAR_HIGH,False,False,False,1905.5
2026-07-23,8766,8766.T,東京海上ホールディングス,保険業,52W_NEW_HIGH,False,False,False,7958.0
2026-07-23,8795,8795.T,Ｔ＆Ｄホールディングス,保険業,52W_NEAR_HIGH,False,False,False,5049.0
2026-07-23,9010,9010.T,富士急行,陸運業,52W_NEAR_HIGH,False,False,False,2646.0
2026-07-23,9048,9048.T,名古屋鉄道,陸運業,52W_NEAR_HIGH,False,False,False,1895.5
2026-07-23,9069,9069.T,センコーグループホールディングス,陸運業,52W_NEAR_HIGH,False,False,False,2186.5
2026-07-23,9076,9076.T,セイノーホールディングス,陸運業,52W_NEAR_HIGH,False,False,False,2697.5
2026-07-23,9147,9147.T,ＮＩＰＰＯＮ　ＥＸＰＲＥＳＳホールディングス,陸運業,52W_NEAR_HIGH,False,False,False,5491.0
2026-07-23,9274,9274.T,ＫＰＰグループホールディングス,卸売業,52W_NEAR_HIGH,False,False,False,1103.0
2026-07-23,9301,9301.T,三菱倉庫,倉庫・運輸関連業,52W_NEAR_HIGH,False,False,False,1601.5
2026-07-23,9308,9308.T,乾汽船,海運業,52W_NEAR_HIGH,False,False,False,1700.0
2026-07-23,9433,9433.T,ＫＤＤＩ,情報・通信業,52W_NEAR_HIGH,False,False,False,2870.5
2026-07-23,9436,9436.T,沖縄セルラー電話,情報・通信業,52W_NEAR_HIGH,False,False,False,3810.0
2026-07-23,9735,9735.T,セコム,サービス業,52W_NEAR_HIGH,False,False,False,6682.0
2026-07-23,9831,9831.T,ヤマダホールディングス,小売業,52W_NEAR_HIGH,False,False,False,716.1
2026-07-23,9997,9997.T,ベルーナ,小売業,52W_NEAR_HIGH,False,False,False,1071.0
2026-07-24,6306,6306.T,日工,機械,52W_NEW_HIGH,False,False,False,960.0
2026-07-24,6381,6381.T,アネスト岩田,機械,52W_NEAR_HIGH,False,False,False,1769.0
2026-07-24,6448,6448.T,ブラザー工業,電気機器,52W_NEAR_HIGH,False,False,False,3941.0
2026-07-24,6638,6638.T,ミマキエンジニアリング,電気機器,52W_NEAR_HIGH,False,False,False,2209.0
2026-07-24,6676,6676.T,ＢＵＦＦＡＬＯ,電気機器,52W_NEAR_HIGH,False,False,False,2712.0
2026-07-24,6737,6737.T,ＥＩＺＯ,電気機器,52W_NEW_HIGH,False,False,False,2775.0
2026-07-24,7128,7128.T,ユニソルホールディングス,卸売業,52W_NEAR_HIGH,False,False,False,2692.0
2026-07-24,7167,7167.T,めぶきフィナンシャルグループ,銀行業,52W_NEAR_HIGH,False,False,False,1541.0
2026-07-24,7180,7180.T,九州フィナンシャルグループ,銀行業,52W_NEW_HIGH,False,False,False,1604.5
2026-07-24,7181,7181.T,かんぽ生命保険,保険業,52W_NEW_HIGH,True,False,False,1769.0
2026-07-24,7182,7182.T,ゆうちょ銀行,銀行業,52W_NEW_HIGH,False,False,False,3442.0
2026-07-24,7184,7184.T,富山第一銀行,銀行業,52W_NEW_HIGH,False,False,False,3065.0
2026-07-24,7186,7186.T,横浜フィナンシャルグループ,銀行業,52W_NEAR_HIGH,False,False,False,1951.5
2026-07-24,7189,7189.T,西日本フィナンシャルホールディングス,銀行業,52W_NEAR_HIGH,False,False,False,4441.0
2026-07-24,7322,7322.T,三十三フィナンシャルグループ,銀行業,52W_NEW_HIGH,False,False,False,1997.0
2026-07-24,7327,7327.T,第四北越フィナンシャルグループ,銀行業,52W_NEAR_HIGH,False,False,False,2365.0
2026-07-24,7337,7337.T,ひろぎんホールディングス,銀行業,52W_NEW_HIGH,False,False,False,2304.0
2026-07-24,7350,7350.T,おきなわフィナンシャルグループ,銀行業,52W_NEAR_HIGH,False,False,False,7360.0
2026-07-24,7380,7380.T,十六フィナンシャルグループ,銀行業,52W_NEAR_HIGH,False,False,False,2562.0
2026-07-24,7381,7381.T,ＣＣＩグループ,銀行業,52W_NEAR_HIGH,False,False,False,1156.0
2026-07-24,7384,7384.T,プロクレアホールディングス,銀行業,52W_NEW_HIGH,False,False,False,4330.0
2026-07-24,7389,7389.T,あいちフィナンシャルグループ,銀行業,52W_NEAR_HIGH,False,False,False,1828.0
2026-07-24,7433,7433.T,伯東,卸売業,52W_NEAR_HIGH,False,False,False,4590.0
2026-07-24,7752,7752.T,リコー,電気機器,52W_NEAR_HIGH,False,False,False,1556.5
2026-07-24,7839,7839.T,ＳＨＯＥＩ,その他製品,52W_NEAR_HIGH,False,False,False,1897.0
2026-07-24,7846,7846.T,パイロットコーポレーション,その他製品,52W_NEAR_HIGH,False,False,False,1778.0
2026-07-24,8037,8037.T,カメイ,卸売業,52W_NEAR_HIGH,False,False,False,3720.0
2026-07-24,8079,8079.T,正栄食品工業,卸売業,52W_NEAR_HIGH,False,False,False,4405.0
2026-07-24,8133,8133.T,伊藤忠エネクス,卸売業,52W_NEAR_HIGH,False,False,False,2070.0
2026-07-24,8163,8163.T,ＳＲＳホールディングス,小売業,52W_NEW_HIGH,True,False,False,1328.0
2026-07-24,8283,8283.T,ＰＡＬＴＡＣ,卸売業,52W_NEAR_HIGH,False,False,True,6620.0
2026-07-24,8304,8304.T,あおぞら銀行,銀行業,52W_NEAR_HIGH,False,False,False,3034.0
2026-07-24,8306,8306.T,三菱ＵＦＪフィナンシャル・グループ,銀行業,52W_NEAR_HIGH,False,False,False,3754.0
2026-07-24,8308,8308.T,りそなホールディングス,銀行業,52W_NEAR_HIGH,False,False,False,2365.5
2026-07-24,8309,8309.T,三井住友トラストグループ,銀行業,52W_NEAR_HIGH,False,False,False,6812.0
2026-07-24,8316,8316.T,三井住友フィナンシャルグループ,銀行業,52W_NEAR_HIGH,False,False,False,7161.0
2026-07-24,8331,8331.T,千葉銀行,銀行業,52W_NEAR_HIGH,False,False,False,2755.5
2026-07-24,8334,8334.T,群馬銀行,銀行業,52W_NEAR_HIGH,False,False,False,2609.0
2026-07-24,8336,8336.T,武蔵野銀行,銀行業,52W_NEW_HIGH,False,False,False,2741.0
2026-07-24,8337,8337.T,千葉興業銀行,銀行業,52W_NEAR_HIGH,False,False,False,2715.0
2026-07-24,8341,8341.T,七十七銀行,銀行業,52W_NEW_HIGH,False,False,False,3631.0
2026-07-24,8343,8343.T,秋田銀行,銀行業,52W_NEW_HIGH,False,False,False,7670.0
2026-07-24,8345,8345.T,岩手銀行,銀行業,52W_NEW_HIGH,False,False,False,2270.0
2026-07-24,8346,8346.T,東邦銀行,銀行業,52W_NEW_HIGH,False,False,False,904.0
2026-07-24,8354,8354.T,ふくおかフィナンシャルグループ,銀行業,52W_NEAR_HIGH,False,False,False,7646.0
2026-07-24,8358,8358.T,スルガ銀行,銀行業,52W_NEAR_HIGH,False,False,False,2745.0
2026-07-24,8359,8359.T,八十二長野銀行,銀行業,52W_NEW_HIGH,False,False,False,2674.0
2026-07-24,8360,8360.T,山梨中央銀行,銀行業,52W_NEW_HIGH,False,False,False,7090.0
2026-07-24,8361,8361.T,大垣共立銀行,銀行業,52W_NEAR_HIGH,False,False,False,8120.0
2026-07-24,8362,8362.T,福井銀行,銀行業,52W_NEAR_HIGH,False,False,False,6180.0
2026-07-24,8367,8367.T,南都銀行,銀行業,52W_NEW_HIGH,False,False,False,1922.0
2026-07-24,8370,8370.T,紀陽銀行,銀行業,52W_NEW_HIGH,False,False,False,4945.0
2026-07-24,8377,8377.T,ほくほくフィナンシャルグループ,銀行業,52W_NEAR_HIGH,False,False,False,7714.0
2026-07-24,8381,8381.T,山陰合同銀行,銀行業,52W_NEAR_HIGH,False,False,False,2511.0
2026-07-24,8386,8386.T,百十四銀行,銀行業,52W_NEW_HIGH,False,False,False,2966.0
2026-07-24,8387,8387.T,四国銀行,銀行業,52W_NEW_HIGH,False,False,False,3465.0
2026-07-24,8388,8388.T,阿波銀行,銀行業,52W_NEW_HIGH,False,False,False,8680.0
2026-07-24,8392,8392.T,大分銀行,銀行業,52W_NEW_HIGH,False,False,False,2790.0
2026-07-24,8393,8393.T,宮崎銀行,銀行業,52W_NEW_HIGH,False,False,False,2478.0
2026-07-24,8395,8395.T,佐賀銀行,銀行業,52W_NEW_HIGH,False,False,False,5910.0
2026-07-24,8399,8399.T,琉球銀行,銀行業,52W_NEW_HIGH,False,False,False,2999.0
2026-07-24,8410,8410.T,セブン銀行,銀行業,52W_NEAR_HIGH,False,False,False,310.6
2026-07-24,8411,8411.T,みずほフィナンシャルグループ,銀行業,52W_NEAR_HIGH,False,False,False,8652.0
2026-07-24,8418,8418.T,山口フィナンシャルグループ,銀行業,52W_NEAR_HIGH,False,False,False,3121.0
2026-07-24,8439,8439.T,東京センチュリー,その他金融業,52W_NEAR_HIGH,False,False,False,2669.5
2026-07-24,8511,8511.T,日本証券金融,その他金融業,52W_NEAR_HIGH,False,False,False,2451.0
2026-07-24,8522,8522.T,名古屋銀行,銀行業,52W_NEW_HIGH,False,False,False,6890.0
2026-07-24,8524,8524.T,北洋銀行,銀行業,52W_NEAR_HIGH,False,False,False,1217.0
2026-07-24,8541,8541.T,愛媛銀行,銀行業,52W_NEW_HIGH,False,False,False,2794.0
2026-07-24,8544,8544.T,京葉銀行,銀行業,52W_NEW_HIGH,False,False,False,2844.0
2026-07-24,8551,8551.T,北日本銀行,銀行業,52W_NEW_HIGH,False,False,False,6790.0
2026-07-24,8566,8566.T,リコーリース,その他金融業,52W_NEAR_HIGH,False,False,False,6690.0
2026-07-24,8591,8591.T,オリックス,その他金融業,52W_NEAR_HIGH,False,False,False,6535.0
2026-07-24,8600,8600.T,トモニホールディングス,銀行業,52W_NEW_HIGH,False,False,False,1024.0
2026-07-24,8601,8601.T,大和証券グループ本社,証券、商品先物取引業,52W_NEAR_HIGH,False,False,False,1857.0
2026-07-24,8604,8604.T,野村ホールディングス,証券、商品先物取引業,52W_NEAR_HIGH,False,False,False,1600.0
2026-07-24,8609,8609.T,岡三証券グループ,証券、商品先物取引業,52W_NEAR_HIGH,False,False,False,1056.0
2026-07-24,8613,8613.T,丸三証券,証券、商品先物取引業,52W_NEAR_HIGH,False,False,False,1136.0
2026-07-24,8616,8616.T,東海東京フィナンシャル・ホールディングス,証券、商品先物取引業,52W_NEAR_HIGH,False,False,False,812.0
2026-07-24,8628,8628.T,松井証券,証券、商品先物取引業,52W_NEAR_HIGH,False,False,False,1107.0
2026-07-24,8630,8630.T,ＳＯＭＰＯホールディングス,保険業,52W_NEW_HIGH,False,False,False,7051.0
2026-07-24,8697,8697.T,日本取引所グループ,その他金融業,52W_NEAR_HIGH,False,False,False,2222.0
2026-07-24,8708,8708.T,アイザワ証券グループ,証券、商品先物取引業,52W_NEAR_HIGH,False,False,False,1649.0
2026-07-24,8714,8714.T,池田泉州ホールディングス,銀行業,52W_NEAR_HIGH,False,False,False,1047.0
2026-07-24,8725,8725.T,ＭＳ＆ＡＤインシュアランスグループホールディングス,保険業,52W_NEW_HIGH,False,False,False,4898.0
2026-07-24,8750,8750.T,第一ライフグループ,保険業,52W_NEW_HIGH,False,False,False,1925.0
2026-07-24,8766,8766.T,東京海上ホールディングス,保険業,52W_NEW_HIGH,False,False,False,8116.0
2026-07-24,8795,8795.T,Ｔ＆Ｄホールディングス,保険業,52W_NEW_HIGH,False,False,False,5104.0
2026-07-24,9048,9048.T,名古屋鉄道,陸運業,52W_NEAR_HIGH,False,False,False,1914.5
2026-07-24,9069,9069.T,センコーグループホールディングス,陸運業,52W_NEAR_HIGH,False,False,False,2187.5
2026-07-24,9076,9076.T,セイノーホールディングス,陸運業,52W_NEAR_HIGH,False,False,False,2705.5
2026-07-24,9147,9147.T,ＮＩＰＰＯＮ　ＥＸＰＲＥＳＳホールディングス,陸運業,52W_NEAR_HIGH,False,False,False,5493.0
2026-07-24,9274,9274.T,ＫＰＰグループホールディングス,卸売業,52W_NEAR_HIGH,False,False,False,1088.0
2026-07-24,9278,9278.T,ブックオフグループホールディングス,小売業,52W_NEAR_HIGH,False,False,False,2598.0
2026-07-24,9301,9301.T,三菱倉庫,倉庫・運輸関連業,52W_NEAR_HIGH,False,False,False,1617.5
2026-07-24,9308,9308.T,乾汽船,海運業,52W_NEW_HIGH,True,False,False,1736.0
2026-07-24,9433,9433.T,ＫＤＤＩ,情報・通信業,52W_NEW_HIGH,False,False,False,2922.5
2026-07-24,9436,9436.T,沖縄セルラー電話,情報・通信業,52W_NEAR_HIGH,False,False,False,3825.0
2026-07-24,9605,9605.T,東映,情報・通信業,52W_NEAR_HIGH,False,False,False,5890.0
2026-07-24,9735,9735.T,セコム,サービス業,52W_NEAR_HIGH,False,False,False,6802.0
2026-07-24,9831,9831.T,ヤマダホールディングス,小売業,52W_NEAR_HIGH,False,False,False,724.5
2026-07-24,9997,9997.T,ベルーナ,小売業,52W_NEAR_HIGH,False,False,False,1074.0
2026-07-28,1948,1948.T,弘電社,建設業,52W_NEAR_HIGH,False,False,True,11400.0
2026-07-28,2001,2001.T,ニップン,食料品,52W_NEW_HIGH,True,False,False,2906.0
2026-07-28,2004,2004.T,昭和産業,食料品,52W_NEW_HIGH,False,False,False,3590.0
2026-07-28,2053,2053.T,中部飼料,食料品,52W_NEAR_HIGH,False,False,False,1969.0
2026-07-28,2108,2108.T,日本甜菜製糖,食料品,52W_NEW_HIGH,False,False,False,5120.0
2026-07-28,2154,2154.T,オープンアップグループ,サービス業,52W_NEW_HIGH,False,False,False,2052.0
2026-07-28,2270,2270.T,雪印メグミルク,食料品,52W_NEW_HIGH,False,False,False,3875.0
2026-07-28,2371,2371.T,カカクコム,サービス業,52W_NEAR_HIGH,False,False,False,3650.0
2026-07-28,2433,2433.T,博報堂ＤＹホールディングス,サービス業,52W_NEW_HIGH,False,False,False,1315.0
2026-07-28,2492,2492.T,インフォマート,サービス業,52W_NEW_HIGH,False,False,False,549.0
2026-07-28,2501,2501.T,サッポロホールディングス,食料品,52W_NEW_HIGH,False,False,False,2108.0
2026-07-28,2503,2503.T,キリンホールディングス,食料品,52W_NEW_HIGH,False,False,False,2998.0
2026-07-28,2590,2590.T,ダイドーグループホールディングス,食料品,52W_NEW_HIGH,False,False,False,3015.0
2026-07-28,2613,2613.T,Ｊ－オイルミルズ,食料品,52W_NEAR_HIGH,False,False,False,2105.0
2026-07-28,2674,2674.T,ハードオフコーポレーション,小売業,52W_NEW_HIGH,False,False,False,2919.0
2026-07-28,2681,2681.T,ゲオホールディングス,小売業,52W_NEAR_HIGH,False,False,False,2110.0
2026-07-28,2801,2801.T,キッコーマン,食料品,52W_NEAR_HIGH,False,False,False,1672.0
2026-07-28,2809,2809.T,キユーピー,食料品,52W_NEAR_HIGH,False,False,False,4678.0
2026-07-28,2810,2810.T,ハウス食品グループ本社,食料品,52W_NEW_HIGH,False,False,False,4018.0
2026-07-28,2871,2871.T,ニチレイ,食料品,52W_NEW_HIGH,False,False,False,2280.5
2026-07-28,2914,2914.T,日本たばこ産業,食料品,52W_NEW_HIGH,False,False,False,6648.0
2026-07-28,3087,3087.T,ドトール・日レスホールディングス,小売業,52W_NEW_HIGH,False,False,False,3250.0
2026-07-28,3091,3091.T,ブロンコビリー,小売業,52W_NEW_HIGH,False,False,False,2712.0
2026-07-28,3097,3097.T,物語コーポレーション,小売業,52W_NEAR_HIGH,False,False,False,5190.0
2026-07-28,3107,3107.T,ダイワボウホールディングス,卸売業,52W_NEAR_HIGH,False,False,False,3594.0
2026-07-28,3151,3151.T,バイタルケーエスケー・ホールディングス,卸売業,52W_NEW_HIGH,False,False,False,1689.0
2026-07-28,3191,3191.T,ジョイフル本田,小売業,52W_NEW_HIGH,False,False,False,2452.0
2026-07-28,3480,3480.T,ジェイ・エス・ビー,不動産業,52W_NEAR_HIGH,False,False,False,9000.0
2026-07-28,3563,3563.T,ＦＯＯＤ　＆　ＬＩＦＥ　ＣＯＭＰＡＮＩＥＳ,小売業,52W_NEW_HIGH,False,False,False,5736.0
2026-07-28,3708,3708.T,特種東海製紙,パルプ・紙,52W_NEAR_HIGH,False,False,False,2137.0
2026-07-28,3774,3774.T,インターネットイニシアティブ,情報・通信業,52W_NEAR_HIGH,False,False,False,3518.0
2026-07-28,3941,3941.T,レンゴー,パルプ・紙,52W_NEAR_HIGH,False,False,False,1519.5
2026-07-28,3946,3946.T,トーモク,パルプ・紙,52W_NEAR_HIGH,False,False,False,4540.0
2026-07-28,3950,3950.T,ザ・パック,パルプ・紙,52W_NEAR_HIGH,False,False,False,1457.0
2026-07-28,4118,4118.T,カネカ,化学,52W_NEAR_HIGH,False,False,False,5738.0
2026-07-28,4324,4324.T,電通グループ,サービス業,52W_NEW_HIGH,False,False,False,3622.0
2026-07-28,4526,4526.T,理研ビタミン,食料品,52W_NEAR_HIGH,False,False,False,3200.0
2026-07-28,4613,4613.T,関西ペイント,化学,52W_NEAR_HIGH,False,False,False,2794.0
2026-07-28,4665,4665.T,ダスキン,サービス業,52W_NEW_HIGH,False,False,False,4586.0
2026-07-28,4743,4743.T,アイティフォー,情報・通信業,52W_NEAR_HIGH,False,False,False,1734.0
2026-07-28,4746,4746.T,東計電算,情報・通信業,52W_NEW_HIGH,False,False,False,4970.0
2026-07-28,4800,4800.T,オリコン,情報・通信業,52W_NEAR_HIGH,False,False,False,1357.0
2026-07-28,4901,4901.T,富士フイルムホールディングス,化学,52W_NEAR_HIGH,False,False,False,3755.0
2026-07-28,4919,4919.T,ミルボン,化学,52W_NEAR_HIGH,False,False,False,2848.0
2026-07-28,4928,4928.T,ノエビアホールディングス,化学,52W_NEW_HIGH,False,False,False,4830.0
2026-07-28,4958,4958.T,長谷川香料,化学,52W_NEAR_HIGH,False,False,False,3260.0
2026-07-28,5108,5108.T,ブリヂストン,ゴム製品,52W_NEW_HIGH,True,False,False,3878.0
2026-07-28,5195,5195.T,バンドー化学,ゴム製品,52W_NEAR_HIGH,False,False,False,2360.0
2026-07-28,5242,5242.T,アイズ,情報・通信業,52W_NEW_HIGH,False,True,False,2323.0
2026-07-28,5444,5444.T,大和工業,鉄鋼,52W_NEW_HIGH,False,False,False,13385.0
2026-07-28,5644,5644.T,メタルアート,鉄鋼,52W_NEAR_HIGH,False,False,False,7670.0
2026-07-28,5889,5889.T,Ｊａｐａｎ　Ｅｙｅｗｅａｒ　Ｈｏｌｄｉｎｇｓ,小売業,52W_NEAR_HIGH,False,False,False,2505.0
2026-07-28,6080,6080.T,Ｍ＆Ａキャピタルパートナーズ,サービス業,52W_NEW_HIGH,False,False,False,3740.0
2026-07-28,6098,6098.T,リクルートホールディングス,サービス業,52W_NEAR_HIGH,False,False,False,12595.0
2026-07-28,6178,6178.T,日本郵政,サービス業,52W_NEAR_HIGH,False,False,False,2464.0
2026-07-28,6238,6238.T,フリュー,機械,52W_NEAR_HIGH,False,False,False,1392.0
2026-07-28,6306,6306.T,日工,機械,52W_NEAR_HIGH,False,False,False,978.0
2026-07-28,6381,6381.T,アネスト岩田,機械,52W_NEAR_HIGH,False,False,False,1784.0
2026-07-28,6448,6448.T,ブラザー工業,電気機器,52W_NEAR_HIGH,False,False,False,4007.0
2026-07-28,6457,6457.T,グローリー,機械,52W_NEAR_HIGH,False,False,False,4486.0
2026-07-28,6463,6463.T,ＴＰＲ,機械,52W_NEAR_HIGH,False,False,False,1442.0
2026-07-28,6737,6737.T,ＥＩＺＯ,電気機器,52W_NEAR_HIGH,False,False,False,2764.0
2026-07-28,7085,7085.T,カーブスホールディングス,サービス業,52W_NEAR_HIGH,False,False,False,977.0
2026-07-28,7128,7128.T,ユニソルホールディングス,卸売業,52W_NEAR_HIGH,False,False,False,2719.0
2026-07-28,7181,7181.T,かんぽ生命保険,保険業,52W_NEAR_HIGH,False,False,False,1752.5
2026-07-28,7272,7272.T,ヤマハ発動機,輸送用機器,52W_NEW_HIGH,False,False,False,1340.0
2026-07-28,7278,7278.T,エクセディ,輸送用機器,52W_NEAR_HIGH,False,False,False,6140.0
2026-07-28,7327,7327.T,第四北越フィナンシャルグループ,銀行業,52W_NEW_HIGH,False,False,False,2328.0
2026-07-28,7458,7458.T,第一興商,卸売業,52W_NEW_HIGH,False,False,False,1839.0
2026-07-28,7581,7581.T,サイゼリヤ,小売業,52W_NEW_HIGH,False,False,False,7830.0
2026-07-28,7616,7616.T,コロワイド,小売業,52W_NEAR_HIGH,False,False,False,2022.0
2026-07-28,7752,7752.T,リコー,電気機器,52W_NEAR_HIGH,False,False,False,1593.5
2026-07-28,7839,7839.T,ＳＨＯＥＩ,その他製品,52W_NEW_HIGH,False,False,False,1980.0
2026-07-28,7846,7846.T,パイロットコーポレーション,その他製品,52W_NEW_HIGH,False,False,False,1817.0
2026-07-28,7860,7860.T,エイベックス,情報・通信業,52W_NEAR_HIGH,False,False,False,1320.0
2026-07-28,7867,7867.T,タカラトミー,その他製品,52W_NEAR_HIGH,False,False,False,3627.0
2026-07-28,7951,7951.T,ヤマハ,その他製品,52W_NEW_HIGH,False,False,False,1248.0
2026-07-28,7981,7981.T,タカラスタンダード,その他製品,52W_NEW_HIGH,False,False,False,3270.0
2026-07-28,8037,8037.T,カメイ,卸売業,52W_NEAR_HIGH,False,False,False,3790.0
2026-07-28,8043,8043.T,スターゼン,卸売業,52W_NEAR_HIGH,False,False,False,1348.0
2026-07-28,8079,8079.T,正栄食品工業,卸売業,52W_NEW_HIGH,False,False,False,4540.0
2026-07-28,8084,8084.T,ＲＹＯＤＥＮ,卸売業,52W_NEW_HIGH,False,False,False,4080.0
2026-07-28,8101,8101.T,ＧＳＩクレオス,卸売業,52W_NEAR_HIGH,False,False,False,2723.0
2026-07-28,8133,8133.T,伊藤忠エネクス,卸売業,52W_NEAR_HIGH,False,False,False,2080.0
2026-07-28,8142,8142.T,トーホー,卸売業,52W_NEW_HIGH,False,False,False,1405.0
2026-07-28,8163,8163.T,ＳＲＳホールディングス,小売業,52W_NEW_HIGH,False,False,False,1348.0
2026-07-28,8200,8200.T,リンガーハット,小売業,52W_NEAR_HIGH,False,False,False,2371.0
2026-07-28,8218,8218.T,コメリ,小売業,52W_NEAR_HIGH,False,False,False,3630.0
2026-07-28,8242,8242.T,エイチ・ツー・オー　リテイリング,小売業,52W_NEAR_HIGH,False,False,False,2884.5
2026-07-28,8283,8283.T,ＰＡＬＴＡＣ,卸売業,52W_NEW_HIGH,False,False,False,6620.0
2026-07-28,8304,8304.T,あおぞら銀行,銀行業,52W_NEW_HIGH,False,False,False,3124.0
2026-07-28,8306,8306.T,三菱ＵＦＪフィナンシャル・グループ,銀行業,52W_NEW_HIGH,False,False,False,3799.0
2026-07-28,8308,8308.T,りそなホールディングス,銀行業,52W_NEAR_HIGH,False,False,False,2393.5
2026-07-28,8309,8309.T,三井住友トラストグループ,銀行業,52W_NEW_HIGH,False,False,False,6881.0
2026-07-28,8316,8316.T,三井住友フィナンシャルグループ,銀行業,52W_NEW_HIGH,False,False,False,7214.0
2026-07-28,8331,8331.T,千葉銀行,銀行業,52W_NEW_HIGH,False,False,False,2805.0
2026-07-28,8334,8334.T,群馬銀行,銀行業,52W_NEW_HIGH,False,False,False,2658.5
2026-07-28,8336,8336.T,武蔵野銀行,銀行業,52W_NEW_HIGH,False,False,False,2813.0
2026-07-28,8337,8337.T,千葉興業銀行,銀行業,52W_NEW_HIGH,False,False,False,2790.0
2026-07-28,8341,8341.T,七十七銀行,銀行業,52W_NEW_HIGH,False,False,False,3677.0
2026-07-28,8343,8343.T,秋田銀行,銀行業,52W_NEW_HIGH,False,False,False,7850.0
2026-07-28,8344,8344.T,山形銀行,銀行業,52W_NEAR_HIGH,False,False,False,4195.0
2026-07-28,8345,8345.T,岩手銀行,銀行業,52W_NEW_HIGH,False,False,False,2363.0
2026-07-28,8346,8346.T,東邦銀行,銀行業,52W_NEW_HIGH,False,False,False,937.0
2026-07-28,8354,8354.T,ふくおかフィナンシャルグループ,銀行業,52W_NEW_HIGH,False,False,False,7803.0
2026-07-28,8358,8358.T,スルガ銀行,銀行業,52W_NEAR_HIGH,False,False,False,2758.0
2026-07-28,8359,8359.T,八十二長野銀行,銀行業,52W_NEW_HIGH,False,False,False,2699.5
2026-07-28,8360,8360.T,山梨中央銀行,銀行業,52W_NEW_HIGH,False,False,False,7260.0
2026-07-28,8361,8361.T,大垣共立銀行,銀行業,52W_NEAR_HIGH,False,False,False,8230.0
2026-07-28,8362,8362.T,福井銀行,銀行業,52W_NEAR_HIGH,False,False,False,6250.0
2026-07-28,8367,8367.T,南都銀行,銀行業,52W_NEW_HIGH,False,False,False,1949.0
2026-07-28,8368,8368.T,百五銀行,銀行業,52W_NEAR_HIGH,False,False,False,2123.0
2026-07-28,8370,8370.T,紀陽銀行,銀行業,52W_NEW_HIGH,False,False,False,5010.0
2026-07-28,8377,8377.T,ほくほくフィナンシャルグループ,銀行業,52W_NEW_HIGH,False,False,False,8005.0
2026-07-28,8381,8381.T,山陰合同銀行,銀行業,52W_NEW_HIGH,False,False,False,2547.0
2026-07-28,8386,8386.T,百十四銀行,銀行業,52W_NEW_HIGH,False,False,False,3000.0
2026-07-28,8387,8387.T,四国銀行,銀行業,52W_NEW_HIGH,False,False,False,3560.0
2026-07-28,8388,8388.T,阿波銀行,銀行業,52W_NEW_HIGH,False,False,False,8860.0
2026-07-28,8392,8392.T,大分銀行,銀行業,52W_NEW_HIGH,False,False,False,2878.0
2026-07-28,8393,8393.T,宮崎銀行,銀行業,52W_NEW_HIGH,False,False,False,2553.0
2026-07-28,8395,8395.T,佐賀銀行,銀行業,52W_NEW_HIGH,False,False,False,6000.0
2026-07-28,8399,8399.T,琉球銀行,銀行業,52W_NEW_HIGH,False,False,False,3055.0
2026-07-28,8410,8410.T,セブン銀行,銀行業,52W_NEW_HIGH,True,False,False,320.1
2026-07-28,8411,8411.T,みずほフィナンシャルグループ,銀行業,52W_NEAR_HIGH,False,False,False,8631.0
2026-07-28,8418,8418.T,山口フィナンシャルグループ,銀行業,52W_NEW_HIGH,False,False,False,3172.0
2026-07-28,8439,8439.T,東京センチュリー,その他金融業,52W_NEW_HIGH,False,False,False,2707.5
2026-07-28,8511,8511.T,日本証券金融,その他金融業,52W_NEW_HIGH,False,False,False,2466.0
2026-07-28,8522,8522.T,名古屋銀行,銀行業,52W_NEW_HIGH,False,False,False,6990.0
2026-07-28,8524,8524.T,北洋銀行,銀行業,52W_NEW_HIGH,False,False,False,1263.0
2026-07-28,8541,8541.T,愛媛銀行,銀行業,52W_NEW_HIGH,False,True,False,2917.0
2026-07-28,8544,8544.T,京葉銀行,銀行業,52W_NEW_HIGH,False,False,False,2935.0
2026-07-28,8550,8550.T,栃木銀行,銀行業,52W_NEAR_HIGH,False,False,False,1058.0
2026-07-28,8551,8551.T,北日本銀行,銀行業,52W_NEW_HIGH,False,False,False,7000.0
2026-07-28,8566,8566.T,リコーリース,その他金融業,52W_NEAR_HIGH,False,False,False,6760.0
2026-07-28,8591,8591.T,オリックス,その他金融業,52W_NEW_HIGH,False,False,False,6673.0
2026-07-28,8600,8600.T,トモニホールディングス,銀行業,52W_NEW_HIGH,False,False,False,1050.0
2026-07-28,8601,8601.T,大和証券グループ本社,証券、商品先物取引業,52W_NEAR_HIGH,False,False,False,1871.5
2026-07-28,8604,8604.T,野村ホールディングス,証券、商品先物取引業,52W_NEAR_HIGH,False,False,False,1605.5
2026-07-28,8609,8609.T,岡三証券グループ,証券、商品先物取引業,52W_NEW_HIGH,False,False,False,1073.0
2026-07-28,8613,8613.T,丸三証券,証券、商品先物取引業,52W_NEAR_HIGH,False,False,False,1140.0
2026-07-28,8616,8616.T,東海東京フィナンシャル・ホールディングス,証券、商品先物取引業,52W_NEAR_HIGH,False,False,False,815.0
2026-07-28,8622,8622.T,水戸証券,証券、商品先物取引業,52W_NEAR_HIGH,False,False,False,791.0
2026-07-28,8628,8628.T,松井証券,証券、商品先物取引業,52W_NEAR_HIGH,False,False,False,1115.0
2026-07-28,8630,8630.T,ＳＯＭＰＯホールディングス,保険業,52W_NEW_HIGH,False,False,False,7261.0
2026-07-28,8697,8697.T,日本取引所グループ,その他金融業,52W_NEW_HIGH,False,False,False,2288.5
2026-07-28,8704,8704.T,トレイダーズホールディングス,証券、商品先物取引業,52W_NEAR_HIGH,False,False,False,1280.0
2026-07-28,8707,8707.T,岩井コスモホールディングス,証券、商品先物取引業,52W_NEAR_HIGH,False,False,False,4320.0
2026-07-28,8708,8708.T,アイザワ証券グループ,証券、商品先物取引業,52W_NEW_HIGH,False,False,False,1653.0
2026-07-28,8714,8714.T,池田泉州ホールディングス,銀行業,52W_NEW_HIGH,False,False,False,1086.0
2026-07-28,8725,8725.T,ＭＳ＆ＡＤインシュアランスグループホールディングス,保険業,52W_NEW_HIGH,False,False,False,5029.0
2026-07-28,8750,8750.T,第一ライフグループ,保険業,52W_NEW_HIGH,False,False,False,1959.0
2026-07-28,8766,8766.T,東京海上ホールディングス,保険業,52W_NEW_HIGH,False,False,False,8243.0
2026-07-28,8771,8771.T,イー・ギャランティ,その他金融業,52W_NEAR_HIGH,False,False,False,1863.0
2026-07-28,8795,8795.T,Ｔ＆Ｄホールディングス,保険業,52W_NEW_HIGH,False,False,False,5176.0
2026-07-28,9001,9001.T,東武鉄道,陸運業,52W_NEAR_HIGH,False,False,False,3100.0
2026-07-28,9007,9007.T,小田急電鉄,陸運業,52W_NEAR_HIGH,False,False,False,1782.5
2026-07-28,9010,9010.T,富士急行,陸運業,52W_NEW_HIGH,False,False,False,2736.0
2026-07-28,9039,9039.T,サカイ引越センター,陸運業,52W_NEAR_HIGH,False,False,False,3010.0
2026-07-28,9042,9042.T,阪急阪神ホールディングス,陸運業,52W_NEAR_HIGH,False,False,False,4902.0
2026-07-28,9048,9048.T,名古屋鉄道,陸運業,52W_NEW_HIGH,False,False,False,1950.0
2026-07-28,9069,9069.T,センコーグループホールディングス,陸運業,52W_NEAR_HIGH,False,False,False,2205.5
2026-07-28,9076,9076.T,セイノーホールディングス,陸運業,52W_NEAR_HIGH,False,False,False,2707.5
2026-07-28,9147,9147.T,ＮＩＰＰＯＮ　ＥＸＰＲＥＳＳホールディングス,陸運業,52W_NEAR_HIGH,False,False,False,5540.0
2026-07-28,9274,9274.T,ＫＰＰグループホールディングス,卸売業,52W_NEW_HIGH,False,False,False,1112.0
2026-07-28,9278,9278.T,ブックオフグループホールディングス,小売業,52W_NEW_HIGH,False,False,False,2722.0
2026-07-28,9301,9301.T,三菱倉庫,倉庫・運輸関連業,52W_NEW_HIGH,False,False,False,1637.0
2026-07-28,9308,9308.T,乾汽船,海運業,52W_NEW_HIGH,False,False,False,1860.0
2026-07-28,9324,9324.T,安田倉庫,倉庫・運輸関連業,52W_NEAR_HIGH,False,False,False,2589.0
2026-07-28,9433,9433.T,ＫＤＤＩ,情報・通信業,52W_NEW_HIGH,False,False,False,2953.0
2026-07-28,9436,9436.T,沖縄セルラー電話,情報・通信業,52W_NEAR_HIGH,False,False,False,3845.0
2026-07-28,9449,9449.T,ＧＭＯインターネットグループ,情報・通信業,52W_NEAR_HIGH,False,False,False,4120.0
2026-07-28,9605,9605.T,東映,情報・通信業,52W_NEAR_HIGH,False,False,False,6000.0
2026-07-28,9735,9735.T,セコム,サービス業,52W_NEW_HIGH,False,False,False,6908.0
2026-07-28,9831,9831.T,ヤマダホールディングス,小売業,52W_NEAR_HIGH,False,False,False,735.9
2026-07-28,9861,9861.T,吉野家ホールディングス,小売業,52W_NEAR_HIGH,False,False,False,3707.0
2026-07-28,9882,9882.T,イエローハット,卸売業,52W_NEAR_HIGH,False,False,False,1829.0
2026-07-28,9934,9934.T,因幡電機産業,卸売業,52W_NEAR_HIGH,False,False,False,2820.0
2026-07-28,9997,9997.T,ベルーナ,小売業,52W_NEW_HIGH,False,False,False,1081.0
2026-07-28,4956,4956.T,コニシ,化学,52W_NEAR_HIGH,False,False,False,1481.0
2026-07-28,4997,4997.T,日本農薬,化学,52W_NEAR_HIGH,False,False,False,1081.0
2026-07-28,5830,5830.T,いよぎんホールディングス,銀行業,52W_NEW_HIGH,True,False,False,3785.0
2026-07-28,5831,5831.T,しずおかフィナンシャルグループ,銀行業,52W_NEW_HIGH,False,False,False,3463.0
2026-07-28,5832,5832.T,ちゅうぎんフィナンシャルグループ,銀行業,52W_NEAR_HIGH,False,False,False,3464.0
2026-07-28,6194,6194.T,アトラエ,サービス業,52W_NEAR_HIGH,False,False,False,841.0
2026-07-28,6237,6237.T,イワキポンプ,機械,52W_NEW_HIGH,False,False,False,5140.0
2026-07-28,6345,6345.T,アイチ　コーポレーション,機械,52W_NEAR_HIGH,False,False,False,1432.0
2026-07-28,6432,6432.T,竹内製作所,機械,52W_NEAR_HIGH,False,False,False,7770.0
2026-07-28,6676,6676.T,ＢＵＦＦＡＬＯ,電気機器,52W_NEAR_HIGH,False,False,False,2778.0
2026-07-28,6724,6724.T,セイコーエプソン,電気機器,52W_NEAR_HIGH,False,False,False,3099.0
2026-07-28,7167,7167.T,めぶきフィナンシャルグループ,銀行業,52W_NEAR_HIGH,False,False,False,1554.5
2026-07-28,7180,7180.T,九州フィナンシャルグループ,銀行業,52W_NEW_HIGH,False,False,False,1610.0
2026-07-28,7182,7182.T,ゆうちょ銀行,銀行業,52W_NEAR_HIGH,False,False,False,3416.0
2026-07-28,7184,7184.T,富山第一銀行,銀行業,52W_NEW_HIGH,False,False,False,3195.0
2026-07-28,7186,7186.T,横浜フィナンシャルグループ,銀行業,52W_NEW_HIGH,False,False,False,1982.5
2026-07-28,7189,7189.T,西日本フィナンシャルホールディングス,銀行業,52W_NEW_HIGH,True,False,False,4530.0
2026-07-28,7322,7322.T,三十三フィナンシャルグループ,銀行業,52W_NEW_HIGH,False,False,False,2054.0
2026-07-28,7337,7337.T,ひろぎんホールディングス,銀行業,52W_NEW_HIGH,False,False,False,2352.5
2026-07-28,7350,7350.T,おきなわフィナンシャルグループ,銀行業,52W_NEW_HIGH,False,False,False,7560.0
2026-07-28,7380,7380.T,十六フィナンシャルグループ,銀行業,52W_NEAR_HIGH,False,False,False,2576.0
2026-07-28,7381,7381.T,ＣＣＩグループ,銀行業,52W_NEW_HIGH,False,False,False,1185.0
2026-07-28,7384,7384.T,プロクレアホールディングス,銀行業,52W_NEW_HIGH,False,False,False,4415.0
2026-07-28,7389,7389.T,あいちフィナンシャルグループ,銀行業,52W_NEW_HIGH,False,False,False,1875.0
2026-07-28,7433,7433.T,伯東,卸売業,52W_NEAR_HIGH,False,False,False,4675.0
2026-07-28,7613,7613.T,シークス,卸売業,52W_NEAR_HIGH,False,False,False,1443.0
2026-07-28,7716,7716.T,ナカニシ,精密機器,52W_NEW_HIGH,False,False,False,3195.0
2026-07-28,8011,8011.T,三陽商会,繊維製品,52W_NEW_HIGH,True,False,False,4845.0
2026-07-28,8059,8059.T,第一実業,卸売業,52W_NEAR_HIGH,False,False,False,3530.0
2026-07-28,8157,8157.T,都築電気,情報・通信業,52W_NEAR_HIGH,False,False,False,4140.0
2026-07-28,8159,8159.T,立花エレテック,卸売業,52W_NEAR_HIGH,False,False,False,3440.0
2026-07-28,1518,1518.T,三井松島ホールディングス,その他製品,52W_NEW_HIGH,False,True,False,2381.0
2026-07-28,1976,1976.T,明星工業,建設業,52W_NEAR_HIGH,False,False,False,1994.0
2026-07-28,2354,2354.T,ＹＥ　ＤＩＧＩＴＡＬ,情報・通信業,52W_NEW_HIGH,False,True,False,1350.0
2026-07-28,3132,3132.T,マクニカホールディングス,卸売業,52W_NEW_HIGH,False,False,False,3579.0
2026-07-28,3401,3401.T,帝人,繊維製品,52W_NEAR_HIGH,False,False,False,1733.5
2026-07-28,3407,3407.T,旭化成,化学,52W_NEAR_HIGH,False,False,False,1872.5
2026-07-28,4188,4188.T,三菱ケミカルグループ,化学,52W_NEW_HIGH,False,False,False,1225.0
2026-07-28,4189,4189.T,ＫＨネオケム,化学,52W_NEAR_HIGH,False,False,False,3105.0
2026-07-28,4208,4208.T,ＵＢＥ,化学,52W_NEAR_HIGH,False,False,False,3326.0
2026-07-28,4417,4417.T,グローバルセキュリティエキスパート,情報・通信業,52W_NEAR_HIGH,False,False,False,4450.0
2026-07-28,4634,4634.T,ａｒｔｉｅｎｃｅ,化学,52W_NEAR_HIGH,False,False,False,4555.0
2026-07-29,1518,1518.T,三井松島ホールディングス,その他製品,52W_NEAR_HIGH,False,True,False,2349.0
2026-07-29,1928,1928.T,積水ハウス,建設業,52W_NEAR_HIGH,False,False,False,3750.0
2026-07-29,1948,1948.T,弘電社,建設業,52W_NEAR_HIGH,False,False,True,11400.0
2026-07-29,2001,2001.T,ニップン,食料品,52W_NEW_HIGH,False,False,False,2956.0
2026-07-29,2002,2002.T,日清製粉グループ本社,食料品,52W_NEAR_HIGH,False,False,False,2173.5
2026-07-29,2004,2004.T,昭和産業,食料品,52W_NEW_HIGH,False,False,False,3635.0
2026-07-29,2053,2053.T,中部飼料,食料品,52W_NEW_HIGH,True,False,False,2000.0
2026-07-29,2108,2108.T,日本甜菜製糖,食料品,52W_NEW_HIGH,False,False,False,5250.0
2026-07-29,2109,2109.T,ＤＭ三井製糖,食料品,52W_NEW_HIGH,True,False,False,3585.0
2026-07-29,2154,2154.T,オープンアップグループ,サービス業,52W_NEW_HIGH,False,False,False,2080.0
2026-07-29,2170,2170.T,リンクアンドモチベーション,サービス業,52W_NEAR_HIGH,False,False,False,644.0
2026-07-29,2212,2212.T,山崎製パン,食料品,52W_NEW_HIGH,True,False,False,3676.0
2026-07-29,2229,2229.T,カルビー,食料品,52W_NEW_HIGH,True,False,False,3195.0
2026-07-29,2269,2269.T,明治ホールディングス,食料品,52W_NEAR_HIGH,False,False,False,3973.0
2026-07-29,2270,2270.T,雪印メグミルク,食料品,52W_NEW_HIGH,False,False,False,4005.0
2026-07-29,2288,2288.T,丸大食品,食料品,52W_NEAR_HIGH,False,False,False,2408.0
2026-07-29,2371,2371.T,カカクコム,サービス業,52W_NEW_HIGH,False,False,False,3690.0
2026-07-29,2433,2433.T,博報堂ＤＹホールディングス,サービス業,52W_NEW_HIGH,False,False,False,1392.5
2026-07-29,2492,2492.T,インフォマート,サービス業,52W_NEAR_HIGH,False,False,False,563.0
2026-07-29,2501,2501.T,サッポロホールディングス,食料品,52W_NEW_HIGH,False,False,False,2163.0
2026-07-29,2503,2503.T,キリンホールディングス,食料品,52W_NEW_HIGH,False,False,False,3133.0
2026-07-29,2579,2579.T,コカ・コーラ　ボトラーズジャパンホールディングス,食料品,52W_NEW_HIGH,False,False,False,4591.0
2026-07-29,2590,2590.T,ダイドーグループホールディングス,食料品,52W_NEW_HIGH,False,False,False,3090.0
2026-07-29,2594,2594.T,キーコーヒー,食料品,52W_NEAR_HIGH,False,False,False,2016.0
2026-07-29,2613,2613.T,Ｊ－オイルミルズ,食料品,52W_NEW_HIGH,False,False,False,2143.0
2026-07-29,2674,2674.T,ハードオフコーポレーション,小売業,52W_NEW_HIGH,False,False,False,3085.0
2026-07-29,2681,2681.T,ゲオホールディングス,小売業,52W_NEW_HIGH,False,False,False,2202.0
2026-07-29,2705,2705.T,大戸屋ホールディングス,小売業,52W_NEW_HIGH,False,False,False,8800.0
2026-07-29,2801,2801.T,キッコーマン,食料品,52W_NEW_HIGH,False,False,False,1748.0
2026-07-29,2809,2809.T,キユーピー,食料品,52W_NEW_HIGH,False,False,False,4845.0
2026-07-29,2810,2810.T,ハウス食品グループ本社,食料品,52W_NEW_HIGH,False,False,False,4109.0
2026-07-29,2871,2871.T,ニチレイ,食料品,52W_NEW_HIGH,False,False,False,2354.0
2026-07-29,2914,2914.T,日本たばこ産業,食料品,52W_NEW_HIGH,False,False,False,6781.0
2026-07-29,3048,3048.T,ビックカメラ,小売業,52W_NEAR_HIGH,False,False,False,1838.0
2026-07-29,3076,3076.T,あい　ホールディングス,卸売業,52W_NEAR_HIGH,False,False,False,2883.0
2026-07-29,3087,3087.T,ドトール・日レスホールディングス,小売業,52W_NEW_HIGH,False,False,False,3355.0
2026-07-29,3091,3091.T,ブロンコビリー,小売業,52W_NEW_HIGH,False,False,False,2852.0
2026-07-29,3097,3097.T,物語コーポレーション,小売業,52W_NEW_HIGH,True,False,False,5400.0
2026-07-29,3107,3107.T,ダイワボウホールディングス,卸売業,52W_NEW_HIGH,False,False,False,3655.0
2026-07-29,3148,3148.T,クリエイトＳＤホールディングス,小売業,52W_NEAR_HIGH,False,False,False,3525.0
2026-07-29,3151,3151.T,バイタルケーエスケー・ホールディングス,卸売業,52W_NEW_HIGH,False,False,False,1713.0
2026-07-29,3167,3167.T,ＴＯＫＡＩホールディングス,卸売業,52W_NEAR_HIGH,False,False,False,1195.0
2026-07-29,3179,3179.T,シュッピン,小売業,52W_NEAR_HIGH,False,False,False,1334.0
2026-07-29,3191,3191.T,ジョイフル本田,小売業,52W_NEW_HIGH,False,False,False,2524.0
2026-07-29,3276,3276.T,ＪＰＭＣ,不動産業,52W_NEAR_HIGH,False,False,False,1830.0
2026-07-29,3387,3387.T,クリエイト・レストランツ・ホールディングス,小売業,52W_NEAR_HIGH,False,False,False,812.0
2026-07-29,3405,3405.T,クラレ,化学,52W_NEAR_HIGH,False,False,False,1891.0
2026-07-29,3480,3480.T,ジェイ・エス・ビー,不動産業,52W_NEAR_HIGH,False,False,False,9010.0
2026-07-29,3563,3563.T,ＦＯＯＤ　＆　ＬＩＦＥ　ＣＯＭＰＡＮＩＥＳ,小売業,52W_NEW_HIGH,False,False,False,5846.0
2026-07-29,3612,3612.T,ワールド,繊維製品,52W_NEAR_HIGH,False,False,False,1654.0
2026-07-29,3708,3708.T,特種東海製紙,パルプ・紙,52W_NEAR_HIGH,False,False,False,2168.0
2026-07-29,3769,3769.T,ＧＭＯペイメントゲートウェイ,情報・通信業,52W_NEW_HIGH,True,False,False,10265.0
2026-07-29,3774,3774.T,インターネットイニシアティブ,情報・通信業,52W_NEW_HIGH,False,False,False,3611.0
2026-07-29,3941,3941.T,レンゴー,パルプ・紙,52W_NEAR_HIGH,False,False,False,1534.5
2026-07-29,3946,3946.T,トーモク,パルプ・紙,52W_NEW_HIGH,False,False,False,4640.0
2026-07-29,3950,3950.T,ザ・パック,パルプ・紙,52W_NEAR_HIGH,False,False,False,1471.0
2026-07-29,4118,4118.T,カネカ,化学,52W_NEAR_HIGH,False,False,False,5728.0
2026-07-29,4189,4189.T,ＫＨネオケム,化学,52W_NEAR_HIGH,False,False,False,3050.0
2026-07-29,4324,4324.T,電通グループ,サービス業,52W_NEW_HIGH,False,False,False,3874.0
2026-07-29,4417,4417.T,グローバルセキュリティエキスパート,情報・通信業,52W_NEAR_HIGH,False,False,False,4515.0
2026-07-29,4434,4434.T,サーバーワークス,情報・通信業,52W_NEW_HIGH,True,True,False,2372.0
2026-07-29,4443,4443.T,Ｓａｎｓａｎ,情報・通信業,52W_NEW_HIGH,True,False,False,2051.0
2026-07-29,4452,4452.T,花王,化学,52W_NEAR_HIGH,False,False,False,3419.0
2026-07-29,4526,4526.T,理研ビタミン,食料品,52W_NEW_HIGH,True,False,False,3280.0
2026-07-29,4613,4613.T,関西ペイント,化学,52W_NEW_HIGH,False,False,False,2864.0
2026-07-29,4665,4665.T,ダスキン,サービス業,52W_NEW_HIGH,False,False,False,4699.0
2026-07-29,4668,4668.T,明光ネットワークジャパン,サービス業,52W_NEW_HIGH,False,False,False,805.0
2026-07-29,4722,4722.T,フューチャー,情報・通信業,52W_NEAR_HIGH,False,False,False,2382.0
2026-07-29,4743,4743.T,アイティフォー,情報・通信業,52W_NEW_HIGH,True,False,False,1774.0
2026-07-29,4746,4746.T,東計電算,情報・通信業,52W_NEW_HIGH,False,False,False,5040.0
2026-07-29,4768,4768.T,大塚商会,情報・通信業,52W_NEW_HIGH,True,False,False,3421.0
2026-07-29,4800,4800.T,オリコン,情報・通信業,52W_NEAR_HIGH,False,False,True,1358.0
2026-07-29,4901,4901.T,富士フイルムホールディングス,化学,52W_NEW_HIGH,False,False,False,3866.0
2026-07-29,4911,4911.T,資生堂,化学,52W_NEAR_HIGH,False,False,False,3481.0
2026-07-29,4919,4919.T,ミルボン,化学,52W_NEW_HIGH,False,False,False,2931.0
2026-07-29,4927,4927.T,ポーラ・オルビスホールディングス,化学,52W_NEAR_HIGH,False,False,False,1398.0
2026-07-29,4928,4928.T,ノエビアホールディングス,化学,52W_NEW_HIGH,False,False,False,4955.0
2026-07-29,4958,4958.T,長谷川香料,化学,52W_NEAR_HIGH,False,False,False,3285.0
2026-07-29,5108,5108.T,ブリヂストン,ゴム製品,52W_NEW_HIGH,False,False,False,4120.0
2026-07-29,5195,5195.T,バンドー化学,ゴム製品,52W_NEW_HIGH,True,False,False,2392.0
2026-07-29,5444,5444.T,大和工業,鉄鋼,52W_NEW_HIGH,False,False,False,13745.0
2026-07-29,5644,5644.T,メタルアート,鉄鋼,52W_NEAR_HIGH,False,False,False,7630.0
2026-07-29,5889,5889.T,Ｊａｐａｎ　Ｅｙｅｗｅａｒ　Ｈｏｌｄｉｎｇｓ,小売業,52W_NEW_HIGH,False,False,False,2538.0
2026-07-29,5938,5938.T,ＬＩＸＩＬ,金属製品,52W_NEAR_HIGH,False,False,False,1931.0
2026-07-29,5970,5970.T,ジーテクト,金属製品,52W_NEAR_HIGH,False,False,False,2170.0
2026-07-29,6080,6080.T,Ｍ＆Ａキャピタルパートナーズ,サービス業,52W_NEAR_HIGH,False,False,False,3775.0
2026-07-29,6098,6098.T,リクルートホールディングス,サービス業,52W_NEW_HIGH,False,False,False,13100.0
2026-07-29,6178,6178.T,日本郵政,サービス業,52W_NEAR_HIGH,False,False,False,2482.0
2026-07-29,6194,6194.T,アトラエ,サービス業,52W_NEW_HIGH,True,False,False,860.0
2026-07-29,6238,6238.T,フリュー,機械,52W_NEAR_HIGH,False,False,False,1407.0
2026-07-29,6287,6287.T,サトー,機械,52W_NEAR_HIGH,False,False,False,2494.0
2026-07-29,6306,6306.T,日工,機械,52W_NEW_HIGH,False,False,False,1001.0
2026-07-29,6345,6345.T,アイチ　コーポレーション,機械,52W_NEAR_HIGH,False,False,False,1435.0
2026-07-29,6381,6381.T,アネスト岩田,機械,52W_NEAR_HIGH,False,False,False,1789.0
2026-07-29,6448,6448.T,ブラザー工業,電気機器,52W_NEAR_HIGH,False,False,False,4029.0
2026-07-29,6457,6457.T,グローリー,機械,52W_NEW_HIGH,False,False,False,4607.0
2026-07-29,6463,6463.T,ＴＰＲ,機械,52W_NEW_HIGH,False,False,False,1471.0
2026-07-29,6995,6995.T,東海理化電機製作所,輸送用機器,52W_NEAR_HIGH,False,False,False,3345.0
2026-07-29,7085,7085.T,カーブスホールディングス,サービス業,52W_NEAR_HIGH,False,False,False,994.0
2026-07-29,7128,7128.T,ユニソルホールディングス,卸売業,52W_NEW_HIGH,False,False,False,2810.0
2026-07-29,7181,7181.T,かんぽ生命保険,保険業,52W_NEAR_HIGH,False,False,False,1783.5
2026-07-29,7267,7267.T,本田技研工業,輸送用機器,52W_NEAR_HIGH,False,False,False,1688.5
2026-07-29,7272,7272.T,ヤマハ発動機,輸送用機器,52W_NEW_HIGH,False,False,False,1409.0
2026-07-29,7278,7278.T,エクセディ,輸送用機器,52W_NEAR_HIGH,False,False,False,6130.0
2026-07-29,7421,7421.T,カッパ・クリエイト,小売業,52W_NEAR_HIGH,False,False,False,1651.0
2026-07-29,7433,7433.T,伯東,卸売業,52W_NEW_HIGH,False,False,False,4765.0
2026-07-29,7458,7458.T,第一興商,卸売業,52W_NEW_HIGH,False,False,False,1878.0
2026-07-29,7459,7459.T,メディパルホールディングス,卸売業,52W_NEW_HIGH,True,False,False,3064.0
2026-07-29,7476,7476.T,アズワン,卸売業,52W_NEAR_HIGH,False,False,False,2581.0
2026-07-29,7504,7504.T,高速,卸売業,52W_NEAR_HIGH,False,False,False,4000.0
2026-07-29,7550,7550.T,ゼンショーホールディングス,小売業,52W_NEAR_HIGH,False,False,False,10325.0
2026-07-29,7581,7581.T,サイゼリヤ,小売業,52W_NEW_HIGH,False,True,False,8310.0
2026-07-29,7616,7616.T,コロワイド,小売業,52W_NEW_HIGH,True,False,False,2143.5
2026-07-29,7752,7752.T,リコー,電気機器,52W_NEW_HIGH,False,False,False,1643.5
2026-07-29,7839,7839.T,ＳＨＯＥＩ,その他製品,52W_NEW_HIGH,False,False,False,2012.0
2026-07-29,7846,7846.T,パイロットコーポレーション,その他製品,52W_NEW_HIGH,False,False,False,1858.0
2026-07-29,7860,7860.T,エイベックス,情報・通信業,52W_NEW_HIGH,True,False,False,1351.0
2026-07-29,7867,7867.T,タカラトミー,その他製品,52W_NEW_HIGH,False,False,False,3720.0
2026-07-29,7951,7951.T,ヤマハ,その他製品,52W_NEW_HIGH,False,False,False,1288.5
2026-07-29,7956,7956.T,ピジョン,その他製品,52W_NEAR_HIGH,False,False,False,2102.5
2026-07-29,7981,7981.T,タカラスタンダード,その他製品,52W_NEW_HIGH,False,False,False,3280.0
2026-07-29,8011,8011.T,三陽商会,繊維製品,52W_NEAR_HIGH,False,False,False,4760.0
2026-07-29,8037,8037.T,カメイ,卸売業,52W_NEW_HIGH,False,False,False,3790.0
2026-07-29,8043,8043.T,スターゼン,卸売業,52W_NEW_HIGH,True,False,False,1398.0
2026-07-29,8079,8079.T,正栄食品工業,卸売業,52W_NEW_HIGH,False,False,False,4585.0
2026-07-29,8084,8084.T,ＲＹＯＤＥＮ,卸売業,52W_NEAR_HIGH,False,False,False,4145.0
2026-07-29,8101,8101.T,ＧＳＩクレオス,卸売業,52W_NEAR_HIGH,False,False,False,2745.0
2026-07-29,8133,8133.T,伊藤忠エネクス,卸売業,52W_NEAR_HIGH,False,False,False,2109.0
2026-07-29,8142,8142.T,トーホー,卸売業,52W_NEW_HIGH,False,False,False,1420.0
2026-07-29,8163,8163.T,ＳＲＳホールディングス,小売業,52W_NEW_HIGH,False,False,False,1440.0
2026-07-29,8200,8200.T,リンガーハット,小売業,52W_NEW_HIGH,False,False,False,2428.0
2026-07-29,8218,8218.T,コメリ,小売業,52W_NEW_HIGH,True,False,False,4065.0
2026-07-29,8242,8242.T,エイチ・ツー・オー　リテイリング,小売業,52W_NEW_HIGH,False,False,False,2950.0
2026-07-29,8255,8255.T,アクシアル　リテイリング,小売業,52W_NEAR_HIGH,False,False,False,1280.0
2026-07-29,8283,8283.T,ＰＡＬＴＡＣ,卸売業,52W_NEAR_HIGH,False,False,False,6630.0
2026-07-29,8304,8304.T,あおぞら銀行,銀行業,52W_NEAR_HIGH,False,False,False,3074.0
2026-07-29,8309,8309.T,三井住友トラストグループ,銀行業,52W_NEAR_HIGH,False,False,False,6842.0
2026-07-29,8410,8410.T,セブン銀行,銀行業,52W_NEW_HIGH,False,False,False,333.5
2026-07-29,8424,8424.T,芙蓉総合リース,その他金融業,52W_NEAR_HIGH,False,False,False,4591.0
2026-07-29,8439,8439.T,東京センチュリー,その他金融業,52W_NEW_HIGH,False,False,False,2725.0
2026-07-29,8511,8511.T,日本証券金融,その他金融業,52W_NEAR_HIGH,False,False,False,2430.0
2026-07-29,8566,8566.T,リコーリース,その他金融業,52W_NEW_HIGH,False,False,False,6860.0
2026-07-29,8591,8591.T,オリックス,その他金融業,52W_NEAR_HIGH,False,False,False,6496.0
2026-07-29,8593,8593.T,三菱ＨＣキャピタル,その他金融業,52W_NEAR_HIGH,False,False,False,1518.0
2026-07-29,8601,8601.T,大和証券グループ本社,証券、商品先物取引業,52W_NEAR_HIGH,False,False,False,1838.5
2026-07-29,8613,8613.T,丸三証券,証券、商品先物取引業,52W_NEAR_HIGH,False,False,False,1142.0
2026-07-29,8622,8622.T,水戸証券,証券、商品先物取引業,52W_NEAR_HIGH,False,False,False,787.0
2026-07-29,8628,8628.T,松井証券,証券、商品先物取引業,52W_NEAR_HIGH,False,False,False,1105.0
2026-07-29,8630,8630.T,ＳＯＭＰＯホールディングス,保険業,52W_NEW_HIGH,False,False,False,7361.0
2026-07-29,8697,8697.T,日本取引所グループ,その他金融業,52W_NEW_HIGH,False,False,False,2290.0
2026-07-29,8708,8708.T,アイザワ証券グループ,証券、商品先物取引業,52W_NEAR_HIGH,False,False,False,1679.0
2026-07-29,8725,8725.T,ＭＳ＆ＡＤインシュアランスグループホールディングス,保険業,52W_NEAR_HIGH,False,False,False,5050.0
2026-07-29,8750,8750.T,第一ライフグループ,保険業,52W_NEAR_HIGH,False,False,False,1936.0
2026-07-29,8766,8766.T,東京海上ホールディングス,保険業,52W_NEW_HIGH,False,False,False,8393.0
2026-07-29,8771,8771.T,イー・ギャランティ,その他金融業,52W_NEAR_HIGH,False,False,False,1880.0
2026-07-29,8795,8795.T,Ｔ＆Ｄホールディングス,保険業,52W_NEAR_HIGH,False,False,False,5080.0
2026-07-29,9001,9001.T,東武鉄道,陸運業,52W_NEW_HIGH,True,False,False,3198.0
2026-07-29,9006,9006.T,京浜急行電鉄,陸運業,52W_NEW_HIGH,True,False,False,1651.5
2026-07-29,9007,9007.T,小田急電鉄,陸運業,52W_NEW_HIGH,False,False,False,1855.0
2026-07-29,9008,9008.T,京王電鉄,陸運業,52W_NEW_HIGH,True,False,False,840.8
2026-07-29,9010,9010.T,富士急行,陸運業,52W_NEW_HIGH,False,False,False,2809.0
2026-07-29,9031,9031.T,西日本鉄道,陸運業,52W_NEAR_HIGH,False,False,False,3245.0
2026-07-29,9039,9039.T,サカイ引越センター,陸運業,52W_NEAR_HIGH,False,False,False,3065.0
2026-07-29,9041,9041.T,近鉄グループホールディングス,陸運業,52W_NEAR_HIGH,False,False,False,3648.0
2026-07-29,9042,9042.T,阪急阪神ホールディングス,陸運業,52W_NEW_HIGH,False,False,False,5111.0
2026-07-29,9048,9048.T,名古屋鉄道,陸運業,52W_NEW_HIGH,False,False,False,1994.5
2026-07-29,9069,9069.T,センコーグループホールディングス,陸運業,52W_NEW_HIGH,False,False,False,2261.5
2026-07-29,9076,9076.T,セイノーホールディングス,陸運業,52W_NEAR_HIGH,False,False,False,2714.5
2026-07-29,9274,9274.T,ＫＰＰグループホールディングス,卸売業,52W_NEAR_HIGH,False,False,False,1098.0
2026-07-29,9278,9278.T,ブックオフグループホールディングス,小売業,52W_NEW_HIGH,False,False,False,2858.0
2026-07-29,9279,9279.T,ギフトホールディングス,小売業,52W_NEAR_HIGH,False,False,False,5060.0
2026-07-29,9301,9301.T,三菱倉庫,倉庫・運輸関連業,52W_NEAR_HIGH,False,False,False,1614.0
2026-07-29,9308,9308.T,乾汽船,海運業,52W_NEW_HIGH,False,False,False,1875.0
2026-07-29,9324,9324.T,安田倉庫,倉庫・運輸関連業,52W_NEAR_HIGH,False,False,False,2588.0
2026-07-29,9433,9433.T,ＫＤＤＩ,情報・通信業,52W_NEW_HIGH,False,False,False,3108.0
2026-07-29,9449,9449.T,ＧＭＯインターネットグループ,情報・通信業,52W_NEW_HIGH,False,False,False,4258.0
2026-07-29,9605,9605.T,東映,情報・通信業,52W_NEW_HIGH,False,False,False,6400.0
2026-07-29,9706,9706.T,日本空港ビルデング,不動産業,52W_NEW_HIGH,True,False,False,5785.0
2026-07-29,9735,9735.T,セコム,サービス業,52W_NEW_HIGH,False,False,False,7172.0
2026-07-29,9831,9831.T,ヤマダホールディングス,小売業,52W_NEW_HIGH,False,False,False,764.8
2026-07-29,9842,9842.T,アークランズ,小売業,52W_NEAR_HIGH,False,False,False,1990.0
2026-07-29,9861,9861.T,吉野家ホールディングス,小売業,52W_NEW_HIGH,False,False,False,4040.0
2026-07-29,9882,9882.T,イエローハット,卸売業,52W_NEW_HIGH,False,False,False,1881.0
2026-07-29,9889,9889.T,ＪＢＣＣホールディングス,情報・通信業,52W_NEAR_HIGH,False,False,False,1679.0
2026-07-29,9900,9900.T,サガミホールディングス,小売業,52W_NEW_HIGH,True,False,False,2161.0
2026-07-29,9997,9997.T,ベルーナ,小売業,52W_NEW_HIGH,False,False,False,1106.0
2026-07-30,1948,1948.T,弘電社,建設業,52W_NEAR_HIGH,False,False,True,11400.0
2026-07-30,1976,1976.T,明星工業,建設業,52W_NEAR_HIGH,False,False,False,2038.0
2026-07-30,2001,2001.T,ニップン,食料品,52W_NEAR_HIGH,False,False,False,2914.0
2026-07-30,2004,2004.T,昭和産業,食料品,52W_NEAR_HIGH,False,False,False,3630.0
2026-07-30,2053,2053.T,中部飼料,食料品,52W_NEAR_HIGH,False,False,False,1964.0
2026-07-30,2109,2109.T,ＤＭ三井製糖,食料品,52W_NEAR_HIGH,False,False,False,3565.0
2026-07-30,2154,2154.T,オープンアップグループ,サービス業,52W_NEAR_HIGH,False,False,False,2053.0
2026-07-30,2229,2229.T,カルビー,食料品,52W_NEAR_HIGH,False,False,False,3119.0
2026-07-30,2270,2270.T,雪印メグミルク,食料品,52W_NEAR_HIGH,False,False,False,3935.0
2026-07-30,2371,2371.T,カカクコム,サービス業,52W_NEW_HIGH,False,False,False,3698.0
2026-07-30,2433,2433.T,博報堂ＤＹホールディングス,サービス業,52W_NEW_HIGH,False,False,False,1375.5
2026-07-30,2492,2492.T,インフォマート,サービス業,52W_NEW_HIGH,False,False,False,567.0
2026-07-30,2501,2501.T,サッポロホールディングス,食料品,52W_NEW_HIGH,False,False,False,2080.0
2026-07-30,2503,2503.T,キリンホールディングス,食料品,52W_NEAR_HIGH,False,False,False,3068.0
2026-07-30,2579,2579.T,コカ・コーラ　ボトラーズジャパンホールディングス,食料品,52W_NEW_HIGH,False,False,False,4491.0
2026-07-30,2590,2590.T,ダイドーグループホールディングス,食料品,52W_NEAR_HIGH,False,False,False,3060.0
2026-07-30,2594,2594.T,キーコーヒー,食料品,52W_NEAR_HIGH,False,False,False,2016.0
2026-07-30,2613,2613.T,Ｊ－オイルミルズ,食料品,52W_NEAR_HIGH,False,False,False,2140.0
2026-07-30,2674,2674.T,ハードオフコーポレーション,小売業,52W_NEW_HIGH,False,False,False,3030.0
2026-07-30,2681,2681.T,ゲオホールディングス,小売業,52W_NEAR_HIGH,False,False,False,2162.0
2026-07-30,2705,2705.T,大戸屋ホールディングス,小売業,52W_NEAR_HIGH,False,False,False,8690.0
2026-07-30,2752,2752.T,フジオフードグループ本社,小売業,52W_NEAR_HIGH,False,False,False,1188.0
2026-07-30,2767,2767.T,円谷フィールズホールディングス,卸売業,52W_NEW_HIGH,True,True,False,2414.0
2026-07-30,2801,2801.T,キッコーマン,食料品,52W_NEW_HIGH,False,False,False,1719.5
2026-07-30,2810,2810.T,ハウス食品グループ本社,食料品,52W_NEAR_HIGH,False,False,False,4015.0
2026-07-30,2871,2871.T,ニチレイ,食料品,52W_NEAR_HIGH,False,False,False,2309.5
2026-07-30,2914,2914.T,日本たばこ産業,食料品,52W_NEAR_HIGH,False,False,False,6665.0
2026-07-30,3076,3076.T,あい　ホールディングス,卸売業,52W_NEAR_HIGH,False,False,False,2905.0
2026-07-30,3087,3087.T,ドトール・日レスホールディングス,小売業,52W_NEAR_HIGH,False,False,False,3305.0
2026-07-30,3091,3091.T,ブロンコビリー,小売業,52W_NEAR_HIGH,False,False,False,2838.0
2026-07-30,3097,3097.T,物語コーポレーション,小売業,52W_NEAR_HIGH,False,False,False,5360.0
2026-07-30,3107,3107.T,ダイワボウホールディングス,卸売業,52W_NEW_HIGH,False,False,False,3602.0
2026-07-30,3151,3151.T,バイタルケーエスケー・ホールディングス,卸売業,52W_NEAR_HIGH,False,False,False,1708.0
2026-07-30,3167,3167.T,ＴＯＫＡＩホールディングス,卸売業,52W_NEAR_HIGH,False,False,False,1199.0
2026-07-30,3179,3179.T,シュッピン,小売業,52W_NEAR_HIGH,False,False,False,1344.0
2026-07-30,3191,3191.T,ジョイフル本田,小売業,52W_NEW_HIGH,False,False,False,2511.0
2026-07-30,3276,3276.T,ＪＰＭＣ,不動産業,52W_NEAR_HIGH,False,False,False,1832.0
2026-07-30,3480,3480.T,ジェイ・エス・ビー,不動産業,52W_NEW_HIGH,False,False,False,9230.0
2026-07-30,3563,3563.T,ＦＯＯＤ　＆　ＬＩＦＥ　ＣＯＭＰＡＮＩＥＳ,小売業,52W_NEAR_HIGH,False,False,False,5737.0
2026-07-30,3708,3708.T,特種東海製紙,パルプ・紙,52W_NEAR_HIGH,False,False,False,2128.0
2026-07-30,3769,3769.T,ＧＭＯペイメントゲートウェイ,情報・通信業,52W_NEAR_HIGH,False,False,False,10100.0
2026-07-30,3774,3774.T,インターネットイニシアティブ,情報・通信業,52W_NEW_HIGH,False,False,False,3570.0
2026-07-30,3941,3941.T,レンゴー,パルプ・紙,52W_NEAR_HIGH,False,False,False,1519.5
2026-07-30,3946,3946.T,トーモク,パルプ・紙,52W_NEW_HIGH,False,False,False,4630.0
2026-07-30,3950,3950.T,ザ・パック,パルプ・紙,52W_NEW_HIGH,False,False,False,1477.0
2026-07-30,4212,4212.T,積水樹脂,化学,52W_NEAR_HIGH,False,False,False,2783.0
2026-07-30,4324,4324.T,電通グループ,サービス業,52W_NEAR_HIGH,False,False,False,3763.0
2026-07-30,4417,4417.T,グローバルセキュリティエキスパート,情報・通信業,52W_NEW_HIGH,True,False,False,4395.0
2026-07-30,4434,4434.T,サーバーワークス,情報・通信業,52W_NEW_HIGH,False,True,False,2402.0
2026-07-30,4443,4443.T,Ｓａｎｓａｎ,情報・通信業,52W_NEW_HIGH,False,False,False,2014.0
2026-07-30,4526,4526.T,理研ビタミン,食料品,52W_NEAR_HIGH,False,False,False,3260.0
2026-07-30,4613,4613.T,関西ペイント,化学,52W_NEW_HIGH,False,False,False,2845.5
2026-07-30,4634,4634.T,ａｒｔｉｅｎｃｅ,化学,52W_NEAR_HIGH,False,False,False,4505.0
2026-07-30,4665,4665.T,ダスキン,サービス業,52W_NEAR_HIGH,False,False,False,4622.0
2026-07-30,4668,4668.T,明光ネットワークジャパン,サービス業,52W_NEAR_HIGH,False,False,False,794.0
2026-07-30,4722,4722.T,フューチャー,情報・通信業,52W_NEW_HIGH,True,False,False,2449.0
2026-07-30,4743,4743.T,アイティフォー,情報・通信業,52W_NEAR_HIGH,False,False,False,1776.0
2026-07-30,4746,4746.T,東計電算,情報・通信業,52W_NEW_HIGH,False,False,False,4985.0
2026-07-30,4768,4768.T,大塚商会,情報・通信業,52W_NEW_HIGH,False,False,False,3397.0
2026-07-30,4901,4901.T,富士フイルムホールディングス,化学,52W_NEAR_HIGH,False,False,False,3831.0
2026-07-30,4919,4919.T,ミルボン,化学,52W_NEAR_HIGH,False,False,False,2896.0
2026-07-30,4927,4927.T,ポーラ・オルビスホールディングス,化学,52W_NEAR_HIGH,False,False,False,1399.0
2026-07-30,4928,4928.T,ノエビアホールディングス,化学,52W_NEW_HIGH,False,False,False,5040.0
2026-07-30,4958,4958.T,長谷川香料,化学,52W_NEAR_HIGH,False,False,False,3275.0
2026-07-30,4997,4997.T,日本農薬,化学,52W_NEAR_HIGH,False,False,False,1071.0
2026-07-30,5108,5108.T,ブリヂストン,ゴム製品,52W_NEW_HIGH,False,False,False,4050.0
2026-07-30,5195,5195.T,バンドー化学,ゴム製品,52W_NEW_HIGH,False,False,False,2420.0
2026-07-30,5444,5444.T,大和工業,鉄鋼,52W_NEAR_HIGH,False,False,False,13420.0
2026-07-30,5889,5889.T,Ｊａｐａｎ　Ｅｙｅｗｅａｒ　Ｈｏｌｄｉｎｇｓ,小売業,52W_NEAR_HIGH,False,False,False,2488.0
2026-07-30,5970,5970.T,ジーテクト,金属製品,52W_NEAR_HIGH,False,False,False,2192.0
2026-07-30,6080,6080.T,Ｍ＆Ａキャピタルパートナーズ,サービス業,52W_NEW_HIGH,False,False,False,3820.0
2026-07-30,6098,6098.T,リクルートホールディングス,サービス業,52W_NEW_HIGH,False,False,False,12915.0
2026-07-30,6238,6238.T,フリュー,機械,52W_NEAR_HIGH,False,False,False,1400.0
2026-07-30,6287,6287.T,サトー,機械,52W_NEAR_HIGH,False,False,False,2500.0
2026-07-30,6306,6306.T,日工,機械,52W_NEAR_HIGH,False,False,False,999.0
2026-07-30,6345,6345.T,アイチ　コーポレーション,機械,52W_NEAR_HIGH,False,False,False,1440.0
2026-07-30,6349,6349.T,小森コーポレーション,機械,52W_NEW_HIGH,True,False,False,1932.0
2026-07-30,6364,6364.T,ＡＩＲＭＡＮ,機械,52W_NEW_HIGH,True,False,False,2373.0
2026-07-30,6381,6381.T,アネスト岩田,機械,52W_NEAR_HIGH,False,False,False,1800.0
2026-07-30,6448,6448.T,ブラザー工業,電気機器,52W_NEAR_HIGH,False,False,False,4044.0
2026-07-30,6457,6457.T,グローリー,機械,52W_NEW_HIGH,False,False,False,4586.0
2026-07-30,6463,6463.T,ＴＰＲ,機械,52W_NEW_HIGH,False,False,False,1502.0
2026-07-30,6676,6676.T,ＢＵＦＦＡＬＯ,電気機器,52W_NEAR_HIGH,False,False,False,2716.0
2026-07-30,6995,6995.T,東海理化電機製作所,輸送用機器,52W_NEW_HIGH,True,False,False,3215.0
2026-07-30,7085,7085.T,カーブスホールディングス,サービス業,52W_NEAR_HIGH,False,False,False,986.0
2026-07-30,7128,7128.T,ユニソルホールディングス,卸売業,52W_NEW_HIGH,False,False,False,2820.0
2026-07-30,7181,7181.T,かんぽ生命保険,保険業,52W_NEAR_HIGH,False,False,False,1766.0
2026-07-30,7272,7272.T,ヤマハ発動機,輸送用機器,52W_NEW_HIGH,False,False,False,1389.0
2026-07-30,7278,7278.T,エクセディ,輸送用機器,52W_NEAR_HIGH,False,False,False,6140.0
2026-07-30,7282,7282.T,豊田合成,輸送用機器,52W_NEAR_HIGH,False,False,False,5253.0
2026-07-30,7283,7283.T,愛三工業,輸送用機器,52W_NEW_HIGH,False,False,False,2416.0
2026-07-30,7421,7421.T,カッパ・クリエイト,小売業,52W_NEAR_HIGH,False,False,False,1660.0
2026-07-30,7433,7433.T,伯東,卸売業,52W_NEW_HIGH,False,False,False,4970.0
2026-07-30,7458,7458.T,第一興商,卸売業,52W_NEAR_HIGH,False,False,False,1870.0
2026-07-30,7476,7476.T,アズワン,卸売業,52W_NEAR_HIGH,False,False,False,2578.0
2026-07-30,7504,7504.T,高速,卸売業,52W_NEW_HIGH,False,False,False,4115.0
2026-07-30,7616,7616.T,コロワイド,小売業,52W_NEW_HIGH,False,False,False,2158.5
2026-07-30,7740,7740.T,タムロン,精密機器,52W_NEW_HIGH,False,True,False,1434.0
2026-07-30,7752,7752.T,リコー,電気機器,52W_NEW_HIGH,False,False,False,1641.5
2026-07-30,7839,7839.T,ＳＨＯＥＩ,その他製品,52W_NEAR_HIGH,False,False,False,1981.0
2026-07-30,7846,7846.T,パイロットコーポレーション,その他製品,52W_NEAR_HIGH,False,False,False,1829.5
2026-07-30,7860,7860.T,エイベックス,情報・通信業,52W_NEAR_HIGH,False,False,False,1346.0
2026-07-30,7867,7867.T,タカラトミー,その他製品,52W_NEW_HIGH,False,False,False,3728.0
2026-07-30,7951,7951.T,ヤマハ,その他製品,52W_NEW_HIGH,False,False,False,1268.5
2026-07-30,7981,7981.T,タカラスタンダード,その他製品,52W_NEW_HIGH,False,False,False,3035.0
2026-07-30,7990,7990.T,グローブライド,その他製品,52W_NEAR_HIGH,False,False,False,2578.0
2026-07-30,8011,8011.T,三陽商会,繊維製品,52W_NEW_HIGH,False,False,False,4910.0
2026-07-30,8037,8037.T,カメイ,卸売業,52W_NEW_HIGH,False,False,False,3895.0
2026-07-30,8043,8043.T,スターゼン,卸売業,52W_NEAR_HIGH,False,False,False,1380.0
2026-07-30,8079,8079.T,正栄食品工業,卸売業,52W_NEAR_HIGH,False,False,False,4525.0
2026-07-30,8084,8084.T,ＲＹＯＤＥＮ,卸売業,52W_NEW_HIGH,False,False,False,4220.0
2026-07-30,8101,8101.T,ＧＳＩクレオス,卸売業,52W_NEAR_HIGH,False,False,False,2723.0
2026-07-30,8133,8133.T,伊藤忠エネクス,卸売業,52W_NEAR_HIGH,False,False,False,2099.0
2026-07-30,8157,8157.T,都築電気,情報・通信業,52W_NEW_HIGH,False,False,False,4265.0
2026-07-30,8159,8159.T,立花エレテック,卸売業,52W_NEAR_HIGH,False,False,False,3390.0
2026-07-30,8163,8163.T,ＳＲＳホールディングス,小売業,52W_NEW_HIGH,False,False,False,1465.0
2026-07-30,8200,8200.T,リンガーハット,小売業,52W_NEAR_HIGH,False,False,False,2408.0
2026-07-30,8218,8218.T,コメリ,小売業,52W_NEW_HIGH,False,False,False,4035.0
2026-07-30,8242,8242.T,エイチ・ツー・オー　リテイリング,小売業,52W_NEAR_HIGH,False,False,False,2931.0
2026-07-30,8255,8255.T,アクシアル　リテイリング,小売業,52W_NEAR_HIGH,False,False,False,1288.0
2026-07-30,8283,8283.T,ＰＡＬＴＡＣ,卸売業,52W_NEAR_HIGH,False,False,False,6620.0
2026-07-30,8410,8410.T,セブン銀行,銀行業,52W_NEAR_HIGH,False,False,False,326.9
2026-07-30,8566,8566.T,リコーリース,その他金融業,52W_NEAR_HIGH,False,False,False,6850.0
2026-07-30,8609,8609.T,岡三証券グループ,証券、商品先物取引業,52W_NEW_HIGH,False,False,False,1109.0
2026-07-30,8613,8613.T,丸三証券,証券、商品先物取引業,52W_NEW_HIGH,False,False,False,1177.0
2026-07-30,8622,8622.T,水戸証券,証券、商品先物取引業,52W_NEW_HIGH,False,False,False,797.0
2026-07-30,8630,8630.T,ＳＯＭＰＯホールディングス,保険業,52W_NEAR_HIGH,False,False,False,7219.0
2026-07-30,8708,8708.T,アイザワ証券グループ,証券、商品先物取引業,52W_NEAR_HIGH,False,False,False,1646.0
2026-07-30,8725,8725.T,ＭＳ＆ＡＤインシュアランスグループホールディングス,保険業,52W_NEAR_HIGH,False,False,False,4988.0
2026-07-30,8771,8771.T,イー・ギャランティ,その他金融業,52W_NEAR_HIGH,False,False,False,1879.0
2026-07-30,9001,9001.T,東武鉄道,陸運業,52W_NEAR_HIGH,False,False,False,3141.0
2026-07-30,9006,9006.T,京浜急行電鉄,陸運業,52W_NEAR_HIGH,False,False,False,1620.5
2026-07-30,9007,9007.T,小田急電鉄,陸運業,52W_NEAR_HIGH,False,False,False,1816.5
2026-07-30,9008,9008.T,京王電鉄,陸運業,52W_NEAR_HIGH,False,False,False,831.6
2026-07-30,9010,9010.T,富士急行,陸運業,52W_NEW_HIGH,False,False,False,2781.0
2026-07-30,9039,9039.T,サカイ引越センター,陸運業,52W_NEAR_HIGH,False,False,False,3055.0
2026-07-30,9044,9044.T,ＮＡＮＫＡＩ,陸運業,52W_NEAR_HIGH,False,False,False,3226.0
2026-07-30,9069,9069.T,センコーグループホールディングス,陸運業,52W_NEAR_HIGH,False,False,False,2237.0
2026-07-30,9274,9274.T,ＫＰＰグループホールディングス,卸売業,52W_NEW_HIGH,False,False,False,1124.0
2026-07-30,9278,9278.T,ブックオフグループホールディングス,小売業,52W_NEAR_HIGH,False,False,False,2848.0
2026-07-30,9279,9279.T,ギフトホールディングス,小売業,52W_NEW_HIGH,False,False,False,5070.0
2026-07-30,9301,9301.T,三菱倉庫,倉庫・運輸関連業,52W_NEAR_HIGH,False,False,False,1602.5
2026-07-30,9308,9308.T,乾汽船,海運業,52W_NEW_HIGH,False,False,False,1881.0
2026-07-30,9433,9433.T,ＫＤＤＩ,情報・通信業,52W_NEW_HIGH,False,False,False,3051.0
2026-07-30,9449,9449.T,ＧＭＯインターネットグループ,情報・通信業,52W_NEW_HIGH,False,False,False,4212.0
2026-07-30,9706,9706.T,日本空港ビルデング,不動産業,52W_NEAR_HIGH,False,False,False,5758.0
2026-07-30,9735,9735.T,セコム,サービス業,52W_NEAR_HIGH,False,False,False,7067.0
2026-07-30,9842,9842.T,アークランズ,小売業,52W_NEAR_HIGH,False,False,False,1994.0
2026-07-30,9861,9861.T,吉野家ホールディングス,小売業,52W_NEW_HIGH,False,False,False,3932.0
2026-07-30,9882,9882.T,イエローハット,卸売業,52W_NEAR_HIGH,False,False,False,1870.0
2026-07-30,9889,9889.T,ＪＢＣＣホールディングス,情報・通信業,52W_NEW_HIGH,True,False,False,1651.0
2026-07-30,9997,9997.T,ベルーナ,小売業,52W_NEAR_HIGH,False,False,False,1095.0
2026-08-03,1948,1948.T,弘電社,建設業,52W_NEAR_HIGH,False,False,True,11400.0
2026-08-03,2371,2371.T,カカクコム,サービス業,52W_NEW_HIGH,False,False,False,3690.0
2026-08-03,2737,2737.T,トーメンデバイス,卸売業,52W_NEW_HIGH,False,True,False,26150.0
2026-08-03,2767,2767.T,円谷フィールズホールディングス,卸売業,52W_NEW_HIGH,False,True,False,2479.0
2026-08-03,2805,2805.T,ヱスビー食品,食料品,52W_NEAR_HIGH,False,False,False,6700.0
2026-08-03,2997,2997.T,ストレージ王,不動産業,52W_NEAR_HIGH,False,False,True,1336.0
2026-08-03,3076,3076.T,あい　ホールディングス,卸売業,52W_NEAR_HIGH,False,False,False,2880.0
2026-08-03,3131,3131.T,シンデン・ハイテックス,卸売業,52W_NEW_HIGH,False,False,False,4205.0
2026-08-03,3176,3176.T,三洋貿易,卸売業,52W_NEW_HIGH,True,False,False,985.0
2026-08-03,3179,3179.T,シュッピン,小売業,52W_NEW_HIGH,False,False,False,1376.0
2026-08-03,3276,3276.T,ＪＰＭＣ,不動産業,52W_NEAR_HIGH,False,False,False,1822.0
2026-08-03,3480,3480.T,ジェイ・エス・ビー,不動産業,52W_NEAR_HIGH,False,False,False,8990.0
2026-08-03,3950,3950.T,ザ・パック,パルプ・紙,52W_NEAR_HIGH,False,False,False,1445.0
2026-08-03,4052,4052.T,フィーチャ,情報・通信業,52W_NEW_HIGH,False,True,False,422.0
2026-08-03,4118,4118.T,カネカ,化学,52W_NEAR_HIGH,False,False,False,5725.0
2026-08-03,4220,4220.T,リケンテクノス,化学,52W_NEW_HIGH,False,True,False,2621.0
2026-08-03,4434,4434.T,サーバーワークス,情報・通信業,52W_NEAR_HIGH,False,False,False,2398.0
2026-08-03,4613,4613.T,関西ペイント,化学,52W_NEAR_HIGH,False,False,False,2838.0
2026-08-03,4722,4722.T,フューチャー,情報・通信業,52W_NEAR_HIGH,False,False,False,2445.0
2026-08-03,4901,4901.T,富士フイルムホールディングス,化学,52W_NEAR_HIGH,False,False,False,3778.0
2026-08-03,4958,4958.T,長谷川香料,化学,52W_NEAR_HIGH,False,False,False,3295.0
2026-08-03,5122,5122.T,オカモト,ゴム製品,52W_NEAR_HIGH,False,False,False,6120.0
2026-08-03,5195,5195.T,バンドー化学,ゴム製品,52W_NEAR_HIGH,False,False,False,2414.0
2026-08-03,6080,6080.T,Ｍ＆Ａキャピタルパートナーズ,サービス業,52W_NEW_HIGH,False,False,False,4020.0
2026-08-03,6194,6194.T,アトラエ,サービス業,52W_NEAR_HIGH,False,False,False,857.0
2026-08-03,6237,6237.T,イワキポンプ,機械,52W_NEW_HIGH,False,False,False,5540.0
2026-08-03,6282,6282.T,オイレス工業,機械,52W_NEAR_HIGH,False,False,False,2890.0
2026-08-03,6287,6287.T,サトー,機械,52W_NEAR_HIGH,False,False,False,2498.0
2026-08-03,6306,6306.T,日工,機械,52W_NEAR_HIGH,False,False,False,978.0
2026-08-03,6364,6364.T,ＡＩＲＭＡＮ,機械,52W_NEW_HIGH,False,True,False,2675.0
2026-08-03,6381,6381.T,アネスト岩田,機械,52W_NEW_HIGH,False,False,False,1872.0
2026-08-03,6448,6448.T,ブラザー工業,電気機器,52W_NEAR_HIGH,False,False,False,3999.0
2026-08-03,6457,6457.T,グローリー,機械,52W_NEAR_HIGH,False,False,False,4577.0
2026-08-03,6463,6463.T,ＴＰＲ,機械,52W_NEW_HIGH,False,False,False,1509.0
2026-08-03,6517,6517.T,デンヨー,電気機器,52W_NEW_HIGH,False,False,False,4335.0
2026-08-03,6676,6676.T,ＢＵＦＦＡＬＯ,電気機器,52W_NEAR_HIGH,False,False,False,2718.0
2026-08-03,6737,6737.T,ＥＩＺＯ,電気機器,52W_NEAR_HIGH,False,False,False,2878.0
2026-08-03,6810,6810.T,マクセル,電気機器,52W_NEW_HIGH,True,False,False,2570.0
2026-08-03,6952,6952.T,カシオ計算機,電気機器,52W_NEW_HIGH,False,False,False,2164.5
2026-08-03,7128,7128.T,ユニソルホールディングス,卸売業,52W_NEAR_HIGH,False,False,False,2875.0
2026-08-03,7350,7350.T,おきなわフィナンシャルグループ,銀行業,52W_NEAR_HIGH,False,False,False,7420.0
2026-08-03,7433,7433.T,伯東,卸売業,52W_NEW_HIGH,False,False,False,5030.0
2026-08-03,7504,7504.T,高速,卸売業,52W_NEW_HIGH,False,False,False,4745.0
2026-08-03,7613,7613.T,シークス,卸売業,52W_NEAR_HIGH,False,False,False,1428.0
2026-08-03,7740,7740.T,タムロン,精密機器,52W_NEW_HIGH,False,True,False,1427.0
2026-08-03,7745,7745.T,Ａ＆Ｄホロンホールディングス,精密機器,52W_NEAR_HIGH,False,False,False,3050.0
2026-08-03,7839,7839.T,ＳＨＯＥＩ,その他製品,52W_NEW_HIGH,False,False,False,2009.0
2026-08-03,7867,7867.T,タカラトミー,その他製品,52W_NEAR_HIGH,False,False,False,3656.0
2026-08-03,7990,7990.T,グローブライド,その他製品,52W_NEAR_HIGH,False,False,False,2588.0
2026-08-03,8005,8005.T,スクロール,小売業,52W_NEW_HIGH,False,False,False,1814.0
2026-08-03,8011,8011.T,三陽商会,繊維製品,52W_NEAR_HIGH,False,False,False,4895.0
2026-08-03,8050,8050.T,セイコーグループ,精密機器,52W_NEW_HIGH,False,False,False,8520.0
2026-08-03,8065,8065.T,佐藤商事,卸売業,52W_NEW_HIGH,False,False,False,3465.0
2026-08-03,8084,8084.T,ＲＹＯＤＥＮ,卸売業,52W_NEW_HIGH,False,False,False,4500.0
2026-08-03,8159,8159.T,立花エレテック,卸売業,52W_NEW_HIGH,False,False,False,3585.0
2026-08-03,8163,8163.T,ＳＲＳホールディングス,小売業,52W_NEW_HIGH,False,False,False,1537.0
2026-08-03,8283,8283.T,ＰＡＬＴＡＣ,卸売業,52W_NEAR_HIGH,False,False,True,6630.0
2026-08-03,8304,8304.T,あおぞら銀行,銀行業,52W_NEW_HIGH,False,False,False,3213.0
2026-08-03,8566,8566.T,リコーリース,その他金融業,52W_NEAR_HIGH,False,False,False,6720.0
2026-08-03,8609,8609.T,岡三証券グループ,証券、商品先物取引業,52W_NEAR_HIGH,False,False,False,1132.0
2026-08-03,8613,8613.T,丸三証券,証券、商品先物取引業,52W_NEAR_HIGH,False,False,False,1212.0
2026-08-03,8616,8616.T,東海東京フィナンシャル・ホールディングス,証券、商品先物取引業,52W_NEAR_HIGH,False,False,False,808.0
2026-08-03,8622,8622.T,水戸証券,証券、商品先物取引業,52W_NEAR_HIGH,False,False,False,826.0
2026-08-03,8704,8704.T,トレイダーズホールディングス,証券、商品先物取引業,52W_NEW_HIGH,False,False,False,1325.0
2026-08-03,8708,8708.T,アイザワ証券グループ,証券、商品先物取引業,52W_NEW_HIGH,False,False,False,1732.0
2026-08-03,8739,8739.T,スパークス・グループ,証券、商品先物取引業,52W_NEW_HIGH,False,False,False,2419.0
2026-08-03,9069,9069.T,センコーグループホールディングス,陸運業,52W_NEAR_HIGH,False,False,False,2219.5
2026-08-03,9110,9110.T,ＮＳユナイテッド海運,海運業,52W_NEW_HIGH,True,True,False,9540.0
2026-08-03,9274,9274.T,ＫＰＰグループホールディングス,卸売業,52W_NEAR_HIGH,False,False,False,1100.0
2026-08-03,9278,9278.T,ブックオフグループホールディングス,小売業,52W_NEW_HIGH,False,False,False,2903.0
2026-08-03,9279,9279.T,ギフトホールディングス,小売業,52W_NEW_HIGH,False,False,False,5280.0
2026-08-03,9308,9308.T,乾汽船,海運業,52W_NEW_HIGH,False,False,False,1916.0
2026-08-03,9436,9436.T,沖縄セルラー電話,情報・通信業,52W_NEW_HIGH,False,False,False,4035.0
2026-08-03,9706,9706.T,日本空港ビルデング,不動産業,52W_NEAR_HIGH,False,False,False,5747.0
2026-08-03,9889,9889.T,ＪＢＣＣホールディングス,情報・通信業,52W_NEW_HIGH,False,False,False,1696.0
2026-08-03,9902,9902.T,日伝,卸売業,52W_NEW_HIGH,False,False,False,3075.0
2026-08-04,1948,1948.T,弘電社,建設業,52W_NEAR_HIGH,False,False,True,11390.0
2026-08-04,2170,2170.T,リンクアンドモチベーション,サービス業,52W_NEAR_HIGH,False,False,False,632.0
2026-08-04,2371,2371.T,カカクコム,サービス業,52W_NEW_HIGH,False,False,True,3700.0
2026-08-04,2664,2664.T,カワチ薬品,小売業,52W_NEW_HIGH,False,False,False,3485.0
2026-08-04,2737,2737.T,トーメンデバイス,卸売業,52W_NEW_HIGH,False,True,False,31150.0
2026-08-04,2767,2767.T,円谷フィールズホールディングス,卸売業,52W_NEW_HIGH,False,True,False,2403.0
2026-08-04,2805,2805.T,ヱスビー食品,食料品,52W_NEW_HIGH,False,False,False,6790.0
2026-08-04,2997,2997.T,ストレージ王,不動産業,52W_NEAR_HIGH,False,False,True,1336.0
2026-08-04,3107,3107.T,ダイワボウホールディングス,卸売業,52W_NEAR_HIGH,False,False,False,3605.0
2026-08-04,3131,3131.T,シンデン・ハイテックス,卸売業,52W_NEW_HIGH,False,True,False,4500.0
2026-08-04,3276,3276.T,ＪＰＭＣ,不動産業,52W_NEW_HIGH,False,True,False,2222.0
2026-08-04,3374,3374.T,内外テック,卸売業,52W_NEAR_HIGH,False,False,False,3590.0
2026-08-04,3950,3950.T,ザ・パック,パルプ・紙,52W_NEAR_HIGH,False,False,False,1464.0
2026-08-04,4189,4189.T,ＫＨネオケム,化学,52W_NEW_HIGH,False,False,False,3345.0
2026-08-04,4206,4206.T,アイカ工業,化学,52W_NEAR_HIGH,False,False,False,3904.0
2026-08-04,4220,4220.T,リケンテクノス,化学,52W_NEW_HIGH,False,True,False,2673.0
2026-08-04,4228,4228.T,積水化成品工業,化学,52W_NEAR_HIGH,False,False,False,588.0
2026-08-04,4434,4434.T,サーバーワークス,情報・通信業,52W_NEAR_HIGH,False,False,False,2368.0
2026-08-04,4578,4578.T,大塚ホールディングス,医薬品,52W_NEW_HIGH,False,False,False,12015.0
2026-08-04,4613,4613.T,関西ペイント,化学,52W_NEAR_HIGH,False,False,False,2850.0
2026-08-04,4722,4722.T,フューチャー,情報・通信業,52W_NEAR_HIGH,False,False,False,2446.0
2026-08-04,4746,4746.T,東計電算,情報・通信業,52W_NEW_HIGH,False,False,False,5630.0
2026-08-04,4768,4768.T,大塚商会,情報・通信業,52W_NEAR_HIGH,False,False,False,3434.0
2026-08-04,4958,4958.T,長谷川香料,化学,52W_NEAR_HIGH,False,False,False,3250.0
2026-08-04,5122,5122.T,オカモト,ゴム製品,52W_NEW_HIGH,True,False,False,6310.0
2026-08-04,5195,5195.T,バンドー化学,ゴム製品,52W_NEAR_HIGH,False,False,False,2408.0
2026-08-04,6080,6080.T,Ｍ＆Ａキャピタルパートナーズ,サービス業,52W_NEAR_HIGH,False,False,False,3985.0
2026-08-04,6103,6103.T,オークマ,機械,52W_NEAR_HIGH,False,False,False,5140.0
2026-08-04,6141,6141.T,ＤＭＧ森精機,機械,52W_NEAR_HIGH,False,False,False,3907.0
2026-08-04,6194,6194.T,アトラエ,サービス業,52W_NEAR_HIGH,False,False,False,850.0
2026-08-04,6237,6237.T,イワキポンプ,機械,52W_NEW_HIGH,False,False,False,5800.0
2026-08-04,6282,6282.T,オイレス工業,機械,52W_NEAR_HIGH,False,False,False,2933.0
2026-08-04,6333,6333.T,ＴＥＩＫＯＫＵ,機械,52W_NEAR_HIGH,False,False,False,3435.0
2026-08-04,6364,6364.T,ＡＩＲＭＡＮ,機械,52W_NEW_HIGH,False,True,False,2735.0
2026-08-04,6381,6381.T,アネスト岩田,機械,52W_NEW_HIGH,False,False,False,1876.0
2026-08-04,6448,6448.T,ブラザー工業,電気機器,52W_NEAR_HIGH,False,False,False,4018.0
2026-08-04,6454,6454.T,マックス,機械,52W_NEAR_HIGH,False,False,False,1911.0
2026-08-04,6457,6457.T,グローリー,機械,52W_NEAR_HIGH,False,False,False,4589.0
2026-08-04,6463,6463.T,ＴＰＲ,機械,52W_NEAR_HIGH,False,False,False,1493.0
2026-08-04,6638,6638.T,ミマキエンジニアリング,電気機器,52W_NEAR_HIGH,False,False,False,2222.0
2026-08-04,6677,6677.T,エスケーエレクトロニクス,電気機器,52W_NEW_HIGH,False,False,False,3680.0
2026-08-04,6737,6737.T,ＥＩＺＯ,電気機器,52W_NEW_HIGH,False,False,False,2949.0
2026-08-04,6810,6810.T,マクセル,電気機器,52W_NEW_HIGH,False,False,False,2456.0
2026-08-04,6861,6861.T,キーエンス,電気機器,52W_NEAR_HIGH,False,False,False,82900.0
2026-08-04,6952,6952.T,カシオ計算機,電気機器,52W_NEW_HIGH,False,True,False,2248.5
2026-08-04,7128,7128.T,ユニソルホールディングス,卸売業,52W_NEW_HIGH,False,False,False,2911.0
2026-08-04,7272,7272.T,ヤマハ発動機,輸送用機器,52W_NEW_HIGH,False,False,False,1511.0
2026-08-04,7350,7350.T,おきなわフィナンシャルグループ,銀行業,52W_NEAR_HIGH,False,False,False,7420.0
2026-08-04,7366,7366.T,ＬＩＴＡＬＩＣＯ,サービス業,52W_NEW_HIGH,False,False,False,1660.0
2026-08-04,7433,7433.T,伯東,卸売業,52W_NEW_HIGH,False,False,False,5150.0
2026-08-04,7480,7480.T,スズデン,卸売業,52W_NEW_HIGH,False,False,False,2901.0
2026-08-04,7609,7609.T,ダイトロン,卸売業,52W_NEW_HIGH,False,True,False,4150.0
2026-08-04,7613,7613.T,シークス,卸売業,52W_NEW_HIGH,False,False,False,1531.0
2026-08-04,7740,7740.T,タムロン,精密機器,52W_NEW_HIGH,False,True,False,1421.0
2026-08-04,7745,7745.T,Ａ＆Ｄホロンホールディングス,精密機器,52W_NEW_HIGH,True,False,False,3235.0
2026-08-04,7867,7867.T,タカラトミー,その他製品,52W_NEAR_HIGH,False,False,False,3663.0
2026-08-04,7976,7976.T,三菱鉛筆,その他製品,52W_NEAR_HIGH,False,False,False,2727.0
2026-08-04,7990,7990.T,グローブライド,その他製品,52W_NEW_HIGH,False,False,False,2623.0
2026-08-04,8005,8005.T,スクロール,小売業,52W_NEW_HIGH,False,False,False,1809.0
2026-08-04,8011,8011.T,三陽商会,繊維製品,52W_NEAR_HIGH,False,False,False,4990.0
2026-08-04,8050,8050.T,セイコーグループ,精密機器,52W_NEW_HIGH,False,False,False,8900.0
2026-08-04,8065,8065.T,佐藤商事,卸売業,52W_NEW_HIGH,False,False,False,3415.0
2026-08-04,8159,8159.T,立花エレテック,卸売業,52W_NEW_HIGH,False,False,False,3795.0
2026-08-04,8163,8163.T,ＳＲＳホールディングス,小売業,52W_NEAR_HIGH,False,False,False,1525.0
2026-08-04,8242,8242.T,エイチ・ツー・オー　リテイリング,小売業,52W_NEW_HIGH,False,False,False,2869.5
2026-08-04,8283,8283.T,ＰＡＬＴＡＣ,卸売業,52W_NEAR_HIGH,False,False,False,6620.0
2026-08-04,8304,8304.T,あおぞら銀行,銀行業,52W_NEAR_HIGH,False,False,False,3227.0
2026-08-04,8704,8704.T,トレイダーズホールディングス,証券、商品先物取引業,52W_NEAR_HIGH,False,False,False,1304.0
2026-08-04,8708,8708.T,アイザワ証券グループ,証券、商品先物取引業,52W_NEW_HIGH,False,False,False,1680.0
2026-08-04,8739,8739.T,スパークス・グループ,証券、商品先物取引業,52W_NEW_HIGH,False,False,False,2413.0
2026-08-04,9110,9110.T,ＮＳユナイテッド海運,海運業,52W_NEW_HIGH,False,True,False,10420.0
2026-08-04,9274,9274.T,ＫＰＰグループホールディングス,卸売業,52W_NEAR_HIGH,False,False,False,1092.0
2026-08-04,9278,9278.T,ブックオフグループホールディングス,小売業,52W_NEW_HIGH,False,False,False,2839.0
2026-08-04,9279,9279.T,ギフトホールディングス,小売業,52W_NEW_HIGH,False,False,False,5410.0
2026-08-04,9308,9308.T,乾汽船,海運業,52W_NEW_HIGH,False,False,False,1971.0
2026-08-04,9436,9436.T,沖縄セルラー電話,情報・通信業,52W_NEW_HIGH,False,False,False,4070.0
2026-08-04,9706,9706.T,日本空港ビルデング,不動産業,52W_NEAR_HIGH,False,False,False,5760.0
2026-08-04,9889,9889.T,ＪＢＣＣホールディングス,情報・通信業,52W_NEW_HIGH,False,False,False,1664.0
2026-08-04,9902,9902.T,日伝,卸売業,52W_NEAR_HIGH,False,False,False,3070.0
